Date;Heure;No Vol;Aeronef;OD;Secteur
Lundi;05:30;BC7561;E75;YYZ;D
Lundi;05:30;BF6278;CR7;DTW;T
Lundi;05:45;BG4087;CR9;ATL;T
Lundi;06:00;BE2438;73H;MIA;T
Lundi;06:00;AA481;320;YYZ;D
Lundi;06:00;BG3700;CR9;MSP;T
Lundi;06:00;BC1634;319;MCO;T
Lundi;06:00;BC1784;319;CZM;I
Lundi;06:00;BC1882;76W;CUN;I
Lundi;06:00;BC1986;321;PUJ;I
Lundi;06:00;AX448;DH4;YTZ;D
Lundi;06:00;BH4571;E75;PHL;T
Lundi;06:00;AG306;73H;SNU;I
Lundi;06:00;AG606;73H;CCC;I
Lundi;06:00;BI3513;DH4;YYZ;D
Lundi;06:15;BJ4728;ER4;ORD;T
Lundi;06:20;BK3533;E75;DFW;T
Lundi;06:30;AA485;320;YYZ;D
Lundi;06:30;BC7630;E75;LGA;T
Lundi;06:30;AW7951;DH4;YTZ;D
Lundi;06:30;BA1902;DH1;YZV;D
Lundi;06:30;BA1902;DH3;YZV;D
Lundi;06:30;BI3543;DH4;YYZ;D
Lundi;06:35;BK3351;ER4;LGA;T
Lundi;06:35;AX450;DH4;YQG;D
Lundi;06:40;BL3669;E7W;EWR;T
Lundi;06:45;BC1600;76W;FLL;T
Lundi;07:00;AA401;7M8;YYZ;D
Lundi;07:00;AY820;DH3;YZG;D
Lundi;07:00;BG3679;CR9;LGA;T
Lundi;07:05;BC1752;319;CUR;I
Lundi;07:15;BG3833;CR9;JFK;T
Lundi;07:15;BI3652;DH4;BOS;T
Lundi;07:25;AA301;333;YVR;D
Lundi;07:25;AX454;DH4;YTZ;D
Lundi;07:25;BH4718;E75;CLT;T
Lundi;07:30;AA1210;320;PBI;T
Lundi;07:30;AW7953;DH4;YTZ;D
Lundi;07:30;AG728;73H;LIR;I
Lundi;07:30;BI3519;DH4;YYZ;D
Lundi;07:40;BC1650;319;MIA;T
Lundi;07:40;BC1844;76W;SJO;I
Lundi;07:40;AW8671;CR2;YOW;D
Lundi;07:45;AA1268;320;RSW;T
Lundi;07:45;AW8593;CR9;YWG;D
Lundi;07:45;AW8819;CR2;YHM;D
Lundi;07:45;BI3448;DH4;YQB;D
Lundi;07:55;AA581;E90;ORD;T
Lundi;07:55;AW8704;DH4;YQB;D
Lundi;08:00;AA403;320;YYZ;D
Lundi;08:00;AA797;320;LAX;T
Lundi;08:00;AA974;319;BGI;I
Lundi;08:00;BC7556;E75;YHZ;D
Lundi;08:00;AG426;73H;PUJ;I
Lundi;08:00;AU1054;73H;FLL;T
Lundi;08:05;AZ921;DH1;YKQ;D
Lundi;08:15;AA331;320;YEG;D
Lundi;08:15;AZ927;DH1;YNS;D
Lundi;08:15;AW8500;DH3;YFC;D
Lundi;08:15;AB212;73H;RIH;I
Lundi;08:15;AB382;313;PVR;I
Lundi;08:20;BC7727;E75;DFW;T
Lundi;08:20;AW8788;DH3;YSJ;D
Lundi;08:20;AG517;73H;CUN;I
Lundi;08:25;AW8490;CR9;EWR;T
Lundi;08:25;AW8696;DH1;YZV;D
Lundi;08:25;AX456;DH4;YTZ;D
Lundi;08:30;AA317;320;YYC;D
Lundi;08:30;AY800;DH3;YZG;D
Lundi;08:30;BC1890;319;PHX;T
Lundi;08:30;AW7955;DH4;YTZ;D
Lundi;08:30;AB562;73H;SNU;I
Lundi;08:35;BC7632;E75;LGA;T
Lundi;08:40;BC1855;319;LAS;T
Lundi;08:40;BC7526;E75;YYT;D
Lundi;08:45;AA761;320;SFO;T
Lundi;08:45;AW8454;CR9;BOS;T
Lundi;08:45;AW8822;CR2;YQM;D
Lundi;08:45;AG788;73H;RTB;I
Lundi;08:45;BI3521;DH4;YYZ;D
Lundi;08:50;AW8682;DH3;YBG;D
Lundi;08:55;BC7703;E75;IAH;T
Lundi;09:00;AA405;320;YYZ;D
Lundi;09:00;AW8706;DH3;YGR;D
Lundi;09:00;AW8755;DH1;YUY;D
Lundi;09:00;AB560;333;CUN;I
Lundi;09:05;AW8968;DH1;YYY;D
Lundi;09:05;AX458;DH4;YQT;D
Lundi;09:05;AB220;73H;MGA;I
Lundi;09:09;BL3673;E7W;EWR;T
Lundi;09:15;AB960;73H;RTB;I
Lundi;09:15;AB976;332;PUJ;I
Lundi;09:20;BC7300;BEH;BDL;T
Lundi;09:20;AW8751;DH3;YVO;D
Lundi;09:25;BI3451;DH4;YHZ;D
Lundi;09:30;AY704;73M;YPX;D
Lundi;09:30;AO179;320;HOG;I
Lundi;09:30;AW7957;DH4;YTZ;D
Lundi;09:40;AB386;73H;VRA;I
Lundi;09:45;BJ4714;ER4;IAD;T
Lundi;09:45;AB512;73H;POP;I
Lundi;10:00;AA407;7M8;YYZ;D
Lundi;10:00;BB866;73Q;YFB;D
Lundi;10:00;AX460;DH4;YTZ;D
Lundi;10:00;BI3523;DH4;YYZ;D
Lundi;10:01;AD681;73H;MEX;I
Lundi;10:15;AT267;788;DTW;T
Lundi;10:26;BK3746;ER4;LGA;T
Lundi;10:30;BF6190;CR7;DTW;T
Lundi;10:30;AW7959;DH4;YTZ;D
Lundi;10:35;BP5415;CR7;LGA;T
Lundi;10:35;AB670;320;HAV;I
Lundi;10:40;BC7634;E75;LGA;T
Lundi;10:55;BC7593;E75;ORD;T
Lundi;11:00;AA409;320;YYZ;D
Lundi;11:00;AX464;DH4;YTZ;D
Lundi;11:00;AB186;333;LRM;I
Lundi;11:00;BI3525;DH4;YYZ;D
Lundi;11:10;BC1602;76W;FLL;T
Lundi;11:10;AG424;73H;PUJ;I
Lundi;11:15;BJ4742;ER4;ORD;T
Lundi;11:25;AW8969;DH4;YOW;D
Lundi;11:26;BK3750;ER4;LGA;T
Lundi;11:30;AW7961;DH4;YTZ;D
Lundi;11:30;BM4900;ER4;PHL;T
Lundi;11:45;BA1932;DH1;YWK;D
Lundi;11:59;BG3845;CR2;JFK;T
Lundi;12:00;AA411;320;YYZ;D
Lundi;12:00;BI3527;DH4;YYZ;D
Lundi;12:05;AW8710;DH1;YZV;D
Lundi;12:15;AX465;DH4;YHZ;D
Lundi;12:15;BI3432;DH4;YQB;D
Lundi;12:23;BN3130;CR2;ORD;T
Lundi;12:26;BF6282;CR7;DTW;T
Lundi;12:30;AW7963;DH4;YTZ;D
Lundi;12:40;BC7558;E75;YHZ;D
Lundi;13:00;AA413;320;YYZ;D
Lundi;13:02;BG3751;CR9;ATL;T
Lundi;13:05;AW8456;CR2;BOS;T
Lundi;13:10;AW8502;DH3;YFC;D
Lundi;13:10;AW8712;DH3;YQB;D
Lundi;13:12;BG3763;CR9;LGA;T
Lundi;13:15;AW8511;CR2;YYG;D
Lundi;13:17;BK3952;ERD;JFK;T
Lundi;13:25;AW8595;CR9;YWG;D
Lundi;13:30;BC7304;BEH;BDL;T
Lundi;13:30;BC7636;E75;LGA;T
Lundi;13:30;AW7965;DH4;YTZ;D
Lundi;13:30;AW8492;CR9;EWR;T
Lundi;13:30;AW8971;DH4;YOW;D
Lundi;13:40;AW8030;CR2;PHL;T
Lundi;13:40;AW8900;DH4;YQM;D
Lundi;13:45;AW8824;CR9;DCA;T
Lundi;13:45;BH4510;E75;PHL;T
Lundi;13:50;AX470;DH4;YQT;D
Lundi;13:55;BC7595;E75;ORD;T
Lundi;13:55;AW8740;DH1;ZBF;D
Lundi;14:00;AA415;320;YYZ;D
Lundi;14:00;AA664;320;YHZ;D
Lundi;14:00;BC1610;76W;FLL;T
Lundi;14:00;BI3529;DH4;YYZ;D
Lundi;14:05;AA305;320;YVR;D
Lundi;14:10;AA17;788;PVG;I
Lundi;14:10;AW8714;DH1;YQB;D
Lundi;14:25;AW8172;CR2;IAD;T
Lundi;14:30;AW7967;DH4;YTZ;D
Lundi;14:35;BC1758;319;POP;I
Lundi;14:35;AW8684;DH3;YBG;D
Lundi;14:40;AA1071;E90;DEN;T
Lundi;15:00;AA417;7M8;YYZ;D
Lundi;15:00;BC1884;76W;CUN;I
Lundi;15:00;AW8987;DH1;YOW;D
Lundi;15:00;AX472;DH4;YTZ;D
Lundi;15:10;AW8716;DH4;YQB;D
Lundi;15:15;AW8786;DH3;YSJ;D
Lundi;15:30;BC7638;E75;LGA;T
Lundi;15:30;AW7969;DH4;YTZ;D
Lundi;15:35;BP5107;CR9;ATL;T
Lundi;15:45;AG378;73H;VRA;I
Lundi;15:50;AW8460;CR2;BOS;T
Lundi;16:00;AA419;320;YYZ;D
Lundi;16:00;AW8757;DH1;YUY;D
Lundi;16:00;AW8821;CR2;YHM;D
Lundi;16:00;AW8902;DH4;YQM;D
Lundi;16:00;AW8964;DH1;YBC;D
Lundi;16:00;AX476;DH4;YTZ;D
Lundi;16:00;BI3516;DH4;YQB;D
Lundi;16:00;BI3531;DH4;YYZ;D
Lundi;16:10;BC7560;E75;YHZ;D
Lundi;16:10;AW8718;DH3;YQB;D
Lundi;16:15;BC7302;BEH;BDL;T
Lundi;16:20;AA321;319;YYC;D
Lundi;16:20;BC1746;319;VRA;I
Lundi;16:20;BC1768;319;SNU;I
Lundi;16:25;BI3610;DH4;BOS;T
Lundi;16:30;BC1606;76W;FLL;T
Lundi;16:30;AW7971;DH4;YTZ;D
Lundi;16:40;AW8975;CR9;YOW;D
Lundi;16:45;AA307;320;YVR;D
Lundi;16:45;AW8494;CR2;EWR;T
Lundi;16:45;BA1910;DH1;YZV;D
Lundi;16:50;BM4899;ER4;PHL;T
Lundi;16:51;BG3771;CR9;JFK;T
Lundi;16:55;AA783;320;LAX;T
Lundi;16:55;AT268;788;AMM;I
Lundi;17:00;AA835;333;YYZ;D
Lundi;17:00;AW8722;DH4;YQB;D
Lundi;17:00;AX478;DH4;YQG;D
Lundi;17:00;BI3533;DH4;YYZ;D
Lundi;17:00;AU543;736;YVR;D
Lundi;17:10;AA781;319;SFO;T
Lundi;17:10;BC1652;321;MIA;T
Lundi;17:10;BC7685;E75;IAH;T
Lundi;17:19;BO4194;ER4;EWR;T
Lundi;17:20;BC7597;E75;ORD;T
Lundi;17:20;BN3126;CR2;ORD;T
Lundi;17:25;AW8753;DH3;YVO;D
Lundi;17:30;BP5479;CR7;LGA;T
Lundi;17:30;BC1636;76W;MCO;T
Lundi;17:30;AW7973;DH4;YTZ;D
Lundi;17:30;AW8013;CR2;YOW;D
Lundi;17:40;AW8698;DH1;YWK;D
Lundi;17:40;AX479;DH4;YTM;D
Lundi;17:45;BC7640;E75;LGA;T
Lundi;17:45;AU217;73W;YYC;D
Lundi;17:58;BF6245;CR7;DTW;T
Lundi;17:59;BK3587;ER4;JFK;T
Lundi;18:00;AA423;320;YYZ;D
Lundi;18:00;AW8597;CR9;YWG;D
Lundi;18:00;AW8726;DH3;YQB;D
Lundi;18:00;AW8973;DH4;YOW;D
Lundi;18:00;AX482;DH4;YTZ;D
Lundi;18:00;BI3535;DH4;YYZ;D
Lundi;18:05;AW8462;CR2;BOS;T
Lundi;18:10;BJ4738;ER4;ORD;T
Lundi;18:15;BK3600;ERD;LGA;T
Lundi;18:25;AA668;E90;YYT;D
Lundi;18:25;AA874;77W;FRA;I
Lundi;18:25;BD1643;717;ATL;T
Lundi;18:30;AA309;320;YVR;D
Lundi;18:30;AW7975;DH4;YTZ;D
Lundi;18:30;AB474;73H;YYZ;D
Lundi;18:40;AW8759;DH1;YUY;D
Lundi;18:55;AA323;320;YYC;D
Lundi;18:55;AA335;320;YEG;D
Lundi;18:55;BC1857;319;LAS;T
Lundi;18:55;BC7628;E75;LGA;T
Lundi;18:55;BI3453;DH4;YHZ;D
Lundi;18:55;AL252;32B;KEF;I
Lundi;19:00;AA425;320;YYZ;D
Lundi;19:00;AX484;DH4;YQT;D
Lundi;19:05;AW8985;CR9;YOW;D
Lundi;19:10;AC347;77W;CDG;I
Lundi;19:10;AW8728;DH4;YQB;D
Lundi;19:15;AU597;73H;YYZ;D
Lundi;19:26;AS6228;CR7;IAD;T
Lundi;19:30;AW7977;DH4;YTZ;D
Lundi;19:30;AX483;DH4;YHZ;D
Lundi;19:35;AZ923;DH1;YVO;D
Lundi;20:00;AA427;320;YYZ;D
Lundi;20:00;BC1608;76W;FLL;T
Lundi;20:00;BC7599;E75;ORD;T
Lundi;20:00;BC7642;E75;LGA;T
Lundi;20:00;AW8032;CR2;PHL;T
Lundi;20:00;AW8464;CR9;BOS;T
Lundi;20:00;AW8826;CR2;DCA;T
Lundi;20:00;BI3434;DH4;YQB;D
Lundi;20:00;BI3539;DH4;YYZ;D
Lundi;20:01;AI672;332;AMS;I
Lundi;20:05;AW8549;CR2;YYG;D
Lundi;20:05;AW8904;DH4;YQM;D
Lundi;20:10;BC7530;E75;YYT;D
Lundi;20:30;AK475;333;MUC;I
Lundi;20:30;AW7979;DH4;YTZ;D
Lundi;20:40;AW8506;DH3;YFC;D
Lundi;20:45;AA828;333;LYS;I
Lundi;20:50;AW8761;DH3;YUY;D
Lundi;20:55;AA864;789;LHR;I
Lundi;20:55;BC7566;E75;YHZ;D
Lundi;20:55;AW8730;DH4;YQB;D
Lundi;20:55;AW8742;DH1;ZBF;D
Lundi;21:00;AA429;7M8;YYZ;D
Lundi;21:00;AA870;77W;CDG;I
Lundi;21:00;AW8989;DH4;YOW;D
Lundi;21:10;AW8792;DH3;YSJ;D
Lundi;21:15;AA311;788;YVR;D
Lundi;21:30;AW8686;DH1;YBG;D
Lundi;21:40;AB252;332;AGP;I
Lundi;21:55;AH94;788;LHR;I
Lundi;22:00;AB110;333;CDG;I
Lundi;22:00;BI3541;DH4;YYZ;D
Lundi;22:45;AB580;313;LIS;I
Lundi;22:55;AW8732;DH4;YQB;D
Lundi;23:00;AB435;73H;YUY;D
Lundi;23:05;AG425;73H;YVO;D
Lundi;23:10;AC345;772;CDG;I
Lundi;23:10;AD637;73H;MEX;I
Mardi;05:30;BC7561;E75;YYZ;D
Mardi;05:30;BF6278;CR7;DTW;T
Mardi;05:45;BG4087;CR9;ATL;T
Mardi;06:00;BE2438;73H;MIA;T
Mardi;06:00;AA481;320;YYZ;D
Mardi;06:00;BG3700;CR9;MSP;T
Mardi;06:00;BC1634;319;MCO;T
Mardi;06:00;BC1986;76W;PUJ;I
Mardi;06:00;AX448;DH4;YTZ;D
Mardi;06:00;BH4571;E75;PHL;T
Mardi;06:00;AG308;73H;SNU;I
Mardi;06:00;BI3513;DH4;YYZ;D
Mardi;06:15;BJ4728;ER4;ORD;T
Mardi;06:20;BK3533;E75;DFW;T
Mardi;06:30;AA485;320;YYZ;D
Mardi;06:30;AY832;DH3;YZV;D
Mardi;06:30;BC7630;E75;LGA;T
Mardi;06:30;AW7951;DH4;YTZ;D
Mardi;06:30;BI3543;DH4;YYZ;D
Mardi;06:35;BK3351;ER4;LGA;T
Mardi;06:35;AX450;DH4;YQG;D
Mardi;06:40;BL3669;E7W;EWR;T
Mardi;06:45;BC1600;76W;FLL;T
Mardi;06:45;BC1882;76W;CUN;I
Mardi;07:00;AA401;320;YYZ;D
Mardi;07:00;BG3679;CR9;LGA;T
Mardi;07:15;BG3833;CR9;JFK;T
Mardi;07:15;BI3652;DH4;BOS;T
Mardi;07:25;AA301;333;YVR;D
Mardi;07:25;BH4718;E75;CLT;T
Mardi;07:30;AA1210;320;PBI;T
Mardi;07:30;AW7953;DH4;YTZ;D
Mardi;07:30;BI3519;DH4;YYZ;D
Mardi;07:40;BC1618;319;TPA;T
Mardi;07:40;BC1650;321;MIA;T
Mardi;07:40;BC1842;76W;PVR;I
Mardi;07:40;AW8671;CR2;YOW;D
Mardi;07:45;AA1268;320;RSW;T
Mardi;07:45;AW8593;CR9;YWG;D
Mardi;07:45;AW8819;CR2;YHM;D
Mardi;07:45;AB284;333;PUJ;I
Mardi;07:45;AB968;73H;AA;I
Mardi;07:45;BI3448;DH4;YQB;D
Mardi;07:55;AA581;E90;ORD;T
Mardi;07:55;AW8704;DH4;YQB;D
Mardi;07:55;AX454;DH4;YTZ;D
Mardi;08:00;AA403;320;YYZ;D
Mardi;08:00;AA797;320;LAX;T
Mardi;08:00;AY802;DH3;YZG;D
Mardi;08:00;BB864;73Q;YVP;D
Mardi;08:00;BC7556;E75;YHZ;D
Mardi;08:00;AG414;73H;POP;I
Mardi;08:00;AG428;73H;PUJ;I
Mardi;08:00;AG537;73H;CUN;I
Mardi;08:00;AB892;73H;SNU;I
Mardi;08:05;AZ921;DH1;YKU;D
Mardi;08:15;AA331;320;YEG;D
Mardi;08:15;AZ927;DH1;YKU;D
Mardi;08:20;AW8788;DH3;YSJ;D
Mardi;08:25;AW8490;CR9;EWR;T
Mardi;08:25;AW8696;DH1;YZV;D
Mardi;08:30;AA317;320;YYC;D
Mardi;08:30;BC1728;319;FDF;I
Mardi;08:30;BC1736;319;LIR;I
Mardi;08:30;BC1800;319;ZSA;I
Mardi;08:30;AW7955;DH4;YTZ;D
Mardi;08:35;BC7632;E75;LGA;T
Mardi;08:40;BC1855;319;LAS;T
Mardi;08:40;BC7526;E75;YYT;D
Mardi;08:45;AW8454;CR9;BOS;T
Mardi;08:45;AW8822;CR2;YQM;D
Mardi;08:45;BI3521;DH4;YYZ;D
Mardi;08:50;AB526;320;AZS;I
Mardi;08:55;BC7703;E75;IAH;T
Mardi;09:00;AA405;320;YYZ;D
Mardi;09:00;AW8706;DH3;YGR;D
Mardi;09:00;AW8755;DH1;YUY;D
Mardi;09:00;AB984;73H;CCC;I
Mardi;09:05;AN5821;320;CUN;I
Mardi;09:05;AW8968;DH1;YYY;D
Mardi;09:05;AX458;DH4;YQT;D
Mardi;09:09;BL3673;E7W;EWR;T
Mardi;09:10;AS423;73H;PTY;I
Mardi;09:15;AB978;73H;HOG;I
Mardi;09:20;BC7300;BEH;BDL;T
Mardi;09:25;BI3451;DH4;YHZ;D
Mardi;09:30;AN2821;320;CUN;I
Mardi;09:30;AW7957;DH4;YTZ;D
Mardi;09:30;AG519;73H;CUN;I
Mardi;09:45;BJ4714;ER4;IAD;T
Mardi;10:00;AA407;7M8;YYZ;D
Mardi;10:00;AX460;DH4;YTZ;D
Mardi;10:00;AB160;73G;SJO;I
Mardi;10:00;BI3523;DH4;YYZ;D
Mardi;10:01;AD681;73H;MEX;I
Mardi;10:05;AO175;320;SNU;I
Mardi;10:05;AB238;320;VRA;I
Mardi;10:25;AB208;332;CUN;I
Mardi;10:26;BK3746;ER4;LGA;T
Mardi;10:30;BF6190;CR7;DTW;T
Mardi;10:30;AW7959;DH4;YTZ;D
Mardi;10:35;BP5415;CR7;LGA;T
Mardi;10:40;BC7634;E75;LGA;T
Mardi;10:40;AG650;73H;HOG;I
Mardi;10:55;BC7593;E75;ORD;T
Mardi;11:00;AA409;320;YYZ;D
Mardi;11:00;AX464;DH4;YTZ;D
Mardi;11:00;BI3525;DH4;YYZ;D
Mardi;11:10;BC1602;76W;FLL;T
Mardi;11:15;BJ4742;ER4;ORD;T
Mardi;11:25;AW8969;DH4;YOW;D
Mardi;11:26;BK3750;ER4;LGA;T
Mardi;11:30;AW7961;DH4;YTZ;D
Mardi;11:30;BM4900;ER4;PHL;T
Mardi;11:45;BA1932;DH1;YWK;D
Mardi;11:59;BG3845;CR2;JFK;T
Mardi;12:00;AA411;320;YYZ;D
Mardi;12:00;BI3527;DH4;YYZ;D
Mardi;12:05;AW8710;DH1;YZV;D
Mardi;12:15;BI3432;DH4;YQB;D
Mardi;12:23;BN3130;CR2;ORD;T
Mardi;12:26;BF6282;CR7;DTW;T
Mardi;12:30;AW7963;DH4;YTZ;D
Mardi;12:35;AX465;DH4;YHZ;D
Mardi;12:40;BC7558;E75;YHZ;D
Mardi;13:00;AA413;320;YYZ;D
Mardi;13:02;BG3751;CR9;ATL;T
Mardi;13:05;AW8456;CR2;BOS;T
Mardi;13:10;AW8502;DH3;YFC;D
Mardi;13:10;AW8712;DH3;YQB;D
Mardi;13:12;BG3763;CR9;LGA;T
Mardi;13:15;AW8511;CR2;YYG;D
Mardi;13:17;BK3952;ERD;JFK;T
Mardi;13:25;AW8595;CR9;YWG;D
Mardi;13:30;BC7304;BEH;BDL;T
Mardi;13:30;BC7636;E75;LGA;T
Mardi;13:30;AW7965;DH4;YTZ;D
Mardi;13:30;AW8492;CR9;EWR;T
Mardi;13:40;AW8030;CR2;PHL;T
Mardi;13:40;AW8900;DH4;YQM;D
Mardi;13:45;AW8824;CR9;DCA;T
Mardi;13:45;BH4510;E75;PHL;T
Mardi;13:55;BC7595;E75;ORD;T
Mardi;14:00;AA415;320;YYZ;D
Mardi;14:00;AA664;319;YHZ;D
Mardi;14:00;BC1610;76W;FLL;T
Mardi;14:00;BI3529;DH4;YYZ;D
Mardi;14:05;AA305;320;YVR;D
Mardi;14:10;AA17;788;PVG;I
Mardi;14:10;AW8714;DH1;YQB;D
Mardi;14:25;AW8172;CR2;IAD;T
Mardi;14:30;BC1788;319;AZS;I
Mardi;14:30;AW7967;DH4;YTZ;D
Mardi;14:35;AW8684;DH3;YBG;D
Mardi;14:40;AA1071;E90;DEN;T
Mardi;15:00;AA417;7M8;YYZ;D
Mardi;15:00;BB868;73Q;YVP;D
Mardi;15:00;AW8987;DH1;YOW;D
Mardi;15:00;AX472;DH4;YTZ;D
Mardi;15:10;AW8716;DH4;YQB;D
Mardi;15:15;AW8786;DH3;YSJ;D
Mardi;15:30;BC7638;E75;LGA;T
Mardi;15:30;AW7969;DH4;YTZ;D
Mardi;15:35;BP5107;CR9;ATL;T
Mardi;15:35;AG604;73H;CCC;I
Mardi;15:45;AG688;73H;VRA;I
Mardi;15:50;AW8460;CR2;BOS;T
Mardi;16:00;AA419;320;YYZ;D
Mardi;16:00;AW8757;DH1;YUY;D
Mardi;16:00;AW8821;CR2;YHM;D
Mardi;16:00;AW8902;DH4;YQM;D
Mardi;16:00;AW8964;DH1;YBC;D
Mardi;16:00;AX476;DH4;YTZ;D
Mardi;16:00;BI3516;DH4;YQB;D
Mardi;16:00;BI3531;DH4;YYZ;D
Mardi;16:10;AF880;789;PEK;I
Mardi;16:10;BC7560;E75;YHZ;D
Mardi;16:10;AW8718;DH3;YQB;D
Mardi;16:15;BC7302;BEH;BDL;T
Mardi;16:20;AA321;320;YYC;D
Mardi;16:20;BC1746;319;VRA;I
Mardi;16:25;BI3610;DH4;BOS;T
Mardi;16:30;BC1606;76W;FLL;T
Mardi;16:30;AW7971;DH4;YTZ;D
Mardi;16:40;AW8975;CR9;YOW;D
Mardi;16:45;AA307;320;YVR;D
Mardi;16:45;AW8494;CR2;EWR;T
Mardi;16:45;AX478;DH4;YTZ;D
Mardi;16:45;BA1910;DH1;YZV;D
Mardi;16:50;BM4899;ER4;PHL;T
Mardi;16:51;BG3771;CR9;JFK;T
Mardi;16:55;AA783;320;LAX;T
Mardi;17:00;AA421;333;YYZ;D
Mardi;17:00;BC1942;76W;LIM;I
Mardi;17:00;AW8722;DH4;YQB;D
Mardi;17:00;BI3533;DH4;YYZ;D
Mardi;17:00;AU543;73W;YVR;D
Mardi;17:10;AA781;319;SFO;T
Mardi;17:10;BC1652;321;MIA;T
Mardi;17:10;BC7685;E75;IAH;T
Mardi;17:19;BO4194;ER4;EWR;T
Mardi;17:20;BC7597;E75;ORD;T
Mardi;17:20;BN3126;CR2;ORD;T
Mardi;17:25;AW8753;DH3;YVO;D
Mardi;17:30;BP5479;CR7;LGA;T
Mardi;17:30;AW7973;DH4;YTZ;D
Mardi;17:30;AW8013;CR2;YOW;D
Mardi;17:30;AX480;DH4;YQG;D
Mardi;17:35;BC1636;76W;MCO;T
Mardi;17:40;AW8698;DH1;YWK;D
Mardi;17:45;BC7640;E75;LGA;T
Mardi;17:45;AU217;73W;YYC;D
Mardi;17:58;BF6245;CR7;DTW;T
Mardi;17:59;BK3587;ER4;JFK;T
Mardi;18:00;AA423;320;YYZ;D
Mardi;18:00;AW8597;CR9;YWG;D
Mardi;18:00;AW8726;DH3;YQB;D
Mardi;18:00;AW8973;DH4;YOW;D
Mardi;18:00;AJ87;333;ZRH;I
Mardi;18:00;BI3535;DH4;YYZ;D
Mardi;18:05;AW8462;CR2;BOS;T
Mardi;18:10;BJ4738;ER4;ORD;T
Mardi;18:15;BK3600;ERD;LGA;T
Mardi;18:15;AX482;DH4;YTZ;D
Mardi;18:20;AB478;73H;YYZ;D
Mardi;18:25;AA668;E90;YYT;D
Mardi;18:25;AA874;77W;FRA;I
Mardi;18:25;BD1643;717;ATL;T
Mardi;18:30;AA309;320;YVR;D
Mardi;18:30;AW7975;DH4;YTZ;D
Mardi;18:40;AR2701;330;ALG;I
Mardi;18:40;AW8759;DH1;YUY;D
Mardi;18:55;AA323;320;YYC;D
Mardi;18:55;AA335;319;YEG;D
Mardi;18:55;BC1857;319;LAS;T
Mardi;18:55;BC7628;E75;LGA;T
Mardi;18:55;BI3453;DH4;YHZ;D
Mardi;19:00;AA425;77W;YYZ;D
Mardi;19:00;AX484;DH4;YQT;D
Mardi;19:05;AW8985;CR9;YOW;D
Mardi;19:10;AC347;77W;CDG;I
Mardi;19:10;AW8728;DH4;YQB;D
Mardi;19:15;AA892;333;FCO;I
Mardi;19:15;AU597;736;YYZ;D
Mardi;19:26;AS6228;CR7;IAD;T
Mardi;19:30;AW7977;DH4;YTZ;D
Mardi;19:30;AX483;DH4;YHZ;D
Mardi;19:35;AZ923;DH1;YVO;D
Mardi;20:00;AA427;320;YYZ;D
Mardi;20:00;BC1608;76W;FLL;T
Mardi;20:00;BC7599;E75;ORD;T
Mardi;20:00;BC7642;E75;LGA;T
Mardi;20:00;AW8032;CR2;PHL;T
Mardi;20:00;AW8464;CR9;BOS;T
Mardi;20:00;AW8496;CR9;EWR;T
Mardi;20:00;AW8826;CR2;DCA;T
Mardi;20:00;BI3434;DH4;YQB;D
Mardi;20:00;BI3539;DH4;YYZ;D
Mardi;20:05;AW8549;CR2;YYG;D
Mardi;20:05;AW8904;DH4;YQM;D
Mardi;20:10;BC7530;E75;YYT;D
Mardi;20:30;AK475;333;MUC;I
Mardi;20:30;AW7979;DH4;YTZ;D
Mardi;20:40;AW8506;DH3;YFC;D
Mardi;20:50;AW8761;DH3;YUY;D
Mardi;20:55;AA832;788;BRU;I
Mardi;20:55;AA864;789;LHR;I
Mardi;20:55;BC7566;E75;YHZ;D
Mardi;20:55;AW8730;DH4;YQB;D
Mardi;20:55;AW8742;DH1;ZBF;D
Mardi;21:00;AA429;7M8;YYZ;D
Mardi;21:00;AA870;77W;CDG;I
Mardi;21:00;AW8989;DH4;YOW;D
Mardi;21:10;AW8792;DH3;YSJ;D
Mardi;21:15;AA311;788;YVR;D
Mardi;21:30;AW8686;DH1;YBG;D
Mardi;21:45;AG651;73H;YVO;D
Mardi;21:50;AA834;333;GVA;I
Mardi;21:55;AH94;788;LHR;I
Mardi;22:00;AB210;333;CDG;I
Mardi;22:00;BI3541;DH4;YYZ;D
Mardi;22:30;AN2811;320;MEX;I
Mardi;22:40;AM36;333;IST;I
Mardi;22:45;AE209;788;CMN;I
Mardi;22:55;AW8732;DH4;YQB;D
Mardi;23:10;AC345;772;CDG;I
Mardi;23:10;AD637;73H;MEX;I
mercredi;05:30;BC7561;E75;YYZ;D
mercredi;05:30;BF6278;CR7;DTW;T
mercredi;05:45;BG4087;CR9;ATL;T
mercredi;06:00;BE2438;73H;MIA;T
mercredi;06:00;AA481;320;YYZ;D
mercredi;06:00;BG3700;CR9;MSP;T
mercredi;06:00;BC1634;319;MCO;T
mercredi;06:00;BC1788;319;AZS;I
mercredi;06:00;BC1882;76W;CUN;I
mercredi;06:00;BC1986;321;PUJ;I
mercredi;06:00;AX448;DH4;YTZ;D
mercredi;06:00;BA3055;DH3;YBG;D
mercredi;06:00;BH4571;E75;PHL;T
mercredi;06:00;AG306;73H;SNU;I
mercredi;06:00;BI3513;DH4;YYZ;D
mercredi;06:15;BJ4728;ER4;ORD;T
mercredi;06:20;BK3533;E75;DFW;T
mercredi;06:30;AA485;320;YYZ;D
mercredi;06:30;BC7630;E75;LGA;T
mercredi;06:30;AW7951;DH4;YTZ;D
mercredi;06:30;BA1902;DH1;YZV;D
mercredi;06:30;BA1902;DH1;YZV;D
mercredi;06:30;BI3543;DH4;YYZ;D
mercredi;06:35;BK3351;ER4;LGA;T
mercredi;06:35;AX450;DH4;YQG;D
mercredi;06:40;BL3669;E7W;EWR;T
mercredi;06:45;BC1600;76W;FLL;T
mercredi;07:00;AA401;320;YYZ;D
mercredi;07:00;AY820;DH3;YZG;D
mercredi;07:00;BG3679;CR9;LGA;T
mercredi;07:00;AG248;73H;CCC;I
mercredi;07:00;AB888;73H;SNU;I
mercredi;07:05;AB552;73H;CCC;I
mercredi;07:15;BG3833;CR9;JFK;T
mercredi;07:15;BI3652;DH4;BOS;T
mercredi;07:25;AA301;333;YVR;D
mercredi;07:25;BH4718;E75;CLT;T
mercredi;07:30;AA1210;320;PBI;T
mercredi;07:30;AW7953;DH4;YTZ;D
mercredi;07:30;BI3519;DH4;YYZ;D
mercredi;07:40;BC1650;319;MIA;T
mercredi;07:40;AW8671;CR2;YOW;D
mercredi;07:45;AA1268;320;RSW;T
mercredi;07:45;AW8593;CR9;YWG;D
mercredi;07:45;AW8819;CR2;YHM;D
mercredi;07:45;BI3448;DH4;YQB;D
mercredi;07:55;AA581;E90;ORD;T
mercredi;07:55;AW8704;DH4;YQB;D
mercredi;07:55;AX454;DH4;YTZ;D
mercredi;08:00;AA403;320;YYZ;D
mercredi;08:00;AA797;320;LAX;T
mercredi;08:00;AY808;DH3;YZG;D
mercredi;08:00;BC7556;E75;YHZ;D
mercredi;08:00;AG434;73H;PUJ;I
mercredi;08:00;AB894;73H;PTP;I
mercredi;08:05;AZ921;DH1;YKQ;D
mercredi;08:10;AO177;320;CCC;I
mercredi;08:15;AA331;320;YEG;D
mercredi;08:15;AZ927;DH1;YNS;D
mercredi;08:15;AW8500;DH3;YFC;D
mercredi;08:20;BC1726;319;PTP;I
mercredi;08:20;BC7727;E75;DFW;T
mercredi;08:20;AW8788;DH3;YSJ;D
mercredi;08:20;AB550;320;VRA;I
mercredi;08:25;AW8490;CR9;EWR;T
mercredi;08:25;AW8696;DH1;YZV;D
mercredi;08:30;AA317;320;YYC;D
mercredi;08:30;AA491;320;YYZ;D
mercredi;08:30;AW7955;DH4;YTZ;D
mercredi;08:35;BC7632;E75;LGA;T
mercredi;08:40;BC1855;319;LAS;T
mercredi;08:40;BC7526;E75;YYT;D
mercredi;08:45;AW8454;CR9;BOS;T
mercredi;08:45;BI3521;DH4;YYZ;D
mercredi;08:50;AW8682;DH3;YBG;D
mercredi;08:55;BC7703;E75;IAH;T
mercredi;08:55;AB482;313;PUJ;I
mercredi;09:00;AA405;320;YYZ;D
mercredi;09:00;AA940;320;NAS;I
mercredi;09:00;BC1892;319;CUN;I
mercredi;09:00;AW8706;DH3;YGR;D
mercredi;09:00;AW8755;DH1;YUY;D
mercredi;09:00;AB578;333;CUN;I
mercredi;09:00;AB664;332;PAP;I
mercredi;09:05;AW8968;DH1;YYY;D
mercredi;09:05;AX458;DH4;YQT;D
mercredi;09:09;BL3673;E7W;EWR;T
mercredi;09:10;AS423;73H;PTY;I
mercredi;09:15;AB516;73H;HOG;I
mercredi;09:20;BC7300;BEH;BDL;T
mercredi;09:20;AW8751;DH3;YVO;D
mercredi;09:25;BC1814;76W;PAP;I
mercredi;09:25;BI3451;DH4;YHZ;D
mercredi;09:30;AY704;73M;YPX;D
mercredi;09:30;AW7957;DH4;YTZ;D
mercredi;09:30;AG517;73H;CUN;I
mercredi;09:45;BJ4714;ER4;IAD;T
mercredi;10:00;AA407;320;YYZ;D
mercredi;10:00;BB866;73Q;YVP;D
mercredi;10:00;AX460;DH4;YTZ;D
mercredi;10:00;BI3523;DH4;YYZ;D
mercredi;10:01;AD681;73H;MEX;I
mercredi;10:26;BK3746;ER4;LGA;T
mercredi;10:30;BF6190;CR7;DTW;T
mercredi;10:30;AW7959;DH4;YTZ;D
mercredi;10:35;BP5415;CR7;LGA;T
mercredi;10:40;BC7634;E75;LGA;T
mercredi;10:55;BC7593;E75;ORD;T
mercredi;11:00;AA409;320;YYZ;D
mercredi;11:00;AX464;DH4;YTZ;D
mercredi;11:00;AB988;73G;POP;I
mercredi;11:00;BI3525;DH4;YYZ;D
mercredi;11:10;BC1602;76W;FLL;T
mercredi;11:15;AA966;319;MBJ;I
mercredi;11:15;BJ4742;ER4;ORD;T
mercredi;11:20;AG533;73H;CUN;I
mercredi;11:25;AW8969;DH4;YOW;D
mercredi;11:26;BK3750;ER4;LGA;T
mercredi;11:30;AW7961;DH4;YTZ;D
mercredi;11:30;BM4900;ER4;PHL;T
mercredi;11:45;BA1932;DH1;YWK;D
mercredi;11:59;BG3845;CR2;JFK;T
mercredi;12:00;AA411;320;YYZ;D
mercredi;12:00;BI3527;DH4;YYZ;D
mercredi;12:05;AW8710;DH1;YZV;D
mercredi;12:15;BI3432;DH4;YQB;D
mercredi;12:23;BN3130;CR2;ORD;T
mercredi;12:26;BF6282;CR7;DTW;T
mercredi;12:30;AW7963;DH4;YTZ;D
mercredi;12:35;AX465;DH4;YHZ;D
mercredi;12:40;BC7558;E75;YHZ;D
mercredi;13:00;AA413;7M8;YYZ;D
mercredi;13:02;BG3751;CR9;ATL;T
mercredi;13:05;AW8456;CR2;BOS;T
mercredi;13:10;AW8502;DH3;YFC;D
mercredi;13:10;AW8712;DH3;YQB;D
mercredi;13:12;BG3763;CR9;LGA;T
mercredi;13:15;AW8511;CR2;YYG;D
mercredi;13:17;BK3952;ERD;JFK;T
mercredi;13:25;AW8595;CR9;YWG;D
mercredi;13:30;BC7304;BEH;BDL;T
mercredi;13:30;BC7636;E75;LGA;T
mercredi;13:30;AW7965;DH4;YTZ;D
mercredi;13:30;AW8492;CR9;EWR;T
mercredi;13:30;AW8971;DH4;YOW;D
mercredi;13:40;AW8900;DH4;YQM;D
mercredi;13:45;AW8824;CR9;DCA;T
mercredi;13:45;BH4510;E75;PHL;T
mercredi;13:45;AG646;73H;HOG;I
mercredi;13:55;BC7595;E75;ORD;T
mercredi;13:55;AW8740;DH1;ZBF;D
mercredi;14:00;AA415;320;YYZ;D
mercredi;14:00;AA664;319;YHZ;D
mercredi;14:00;BC1610;76W;FLL;T
mercredi;14:00;BI3529;DH4;YYZ;D
mercredi;14:05;AA305;320;YVR;D
mercredi;14:10;AA17;788;PVG;I
mercredi;14:10;AW8714;DH1;YQB;D
mercredi;14:25;AW8172;CR2;IAD;T
mercredi;14:30;AW7967;DH4;YTZ;D
mercredi;14:35;AW8684;DH3;YBG;D
mercredi;14:40;AA1071;E90;DEN;T
mercredi;15:00;AA417;320;YYZ;D
mercredi;15:00;AW8987;DH1;YOW;D
mercredi;15:00;AX472;DH4;YTZ;D
mercredi;15:10;AW8716;DH4;YQB;D
mercredi;15:15;AW8786;DH3;YSJ;D
mercredi;15:20;AG658;73H;MZO;I
mercredi;15:30;BC7638;E75;LGA;T
mercredi;15:30;AW7969;DH4;YTZ;D
mercredi;15:35;BP5107;CR9;ATL;T
mercredi;15:45;AG652;73H;VRA;I
mercredi;15:50;AW8460;CR2;BOS;T
mercredi;16:00;AA419;320;YYZ;D
mercredi;16:00;AW8757;DH1;YUY;D
mercredi;16:00;AW8821;CR2;YHM;D
mercredi;16:00;AW8902;DH4;YQM;D
mercredi;16:00;AW8964;DH1;YBC;D
mercredi;16:00;AX476;DH4;YTZ;D
mercredi;16:00;BI3516;DH4;YQB;D
mercredi;16:00;BI3531;DH4;YYZ;D
mercredi;16:10;BC1750;319;CCC;I
mercredi;16:10;BC7560;E75;YHZ;D
mercredi;16:10;AW8718;DH3;YQB;D
mercredi;16:15;BC7302;BEH;BDL;T
mercredi;16:20;AA321;320;YYC;D
mercredi;16:20;BC1746;319;VRA;I
mercredi;16:20;BC1768;319;SNU;I
mercredi;16:25;BI3610;DH4;BOS;T
mercredi;16:30;BC1606;76W;FLL;T
mercredi;16:30;AW7971;DH4;YTZ;D
mercredi;16:40;AW8975;CR9;YOW;D
mercredi;16:45;AA307;320;YVR;D
mercredi;16:45;AW8494;CR2;EWR;T
mercredi;16:45;AX478;DH4;YTZ;D
mercredi;16:45;BA1910;DH1;YZV;D
mercredi;16:50;BM4899;ER4;PHL;T
mercredi;16:51;BG3771;CR9;JFK;T
mercredi;16:55;AA783;320;LAX;T
mercredi;17:00;AA835;333;YYZ;D
mercredi;17:00;AW8722;DH4;YQB;D
mercredi;17:00;BI3533;DH4;YYZ;D
mercredi;17:00;AU543;73W;YVR;D
mercredi;17:10;AA781;319;SFO;T
mercredi;17:10;BC1652;321;MIA;T
mercredi;17:10;BC7685;E75;IAH;T
mercredi;17:19;BO4194;ER4;EWR;T
mercredi;17:20;BC7597;E75;ORD;T
mercredi;17:20;BN3126;CR2;ORD;T
mercredi;17:25;AW8753;DH3;YVO;D
mercredi;17:30;BP5479;CR7;LGA;T
mercredi;17:30;BC1636;76W;MCO;T
mercredi;17:30;AW7973;DH4;YTZ;D
mercredi;17:30;AW8013;CR2;YOW;D
mercredi;17:30;AX480;DH4;YQG;D
mercredi;17:40;AW8698;DH1;YWK;D
mercredi;17:45;BC7640;E75;LGA;T
mercredi;17:45;AU217;73W;YYC;D
mercredi;17:58;BF6245;CR7;DTW;T
mercredi;17:59;BK3587;ER4;JFK;T
mercredi;18:00;AA423;320;YYZ;D
mercredi;18:00;AW8597;CR9;YWG;D
mercredi;18:00;AW8726;DH3;YQB;D
mercredi;18:00;AW8973;DH4;YOW;D
mercredi;18:00;AJ87;333;ZRH;I
mercredi;18:00;BI3535;DH4;YYZ;D
mercredi;18:05;AW8462;CR2;BOS;T
mercredi;18:10;BJ4738;ER4;ORD;T
mercredi;18:10;AB468;73H;YYZ;D
mercredi;18:15;BK3600;ERD;LGA;T
mercredi;18:15;AX482;DH4;YTZ;D
mercredi;18:25;AA668;E90;YYT;D
mercredi;18:25;AA874;77W;FRA;I
mercredi;18:25;BD1643;717;ATL;T
mercredi;18:30;AA309;320;YVR;D
mercredi;18:30;AW7975;DH4;YTZ;D
mercredi;18:40;AR2701;330;ALG;I
mercredi;18:50;AO173;320;HAV;I
mercredi;18:55;AA323;320;YYC;D
mercredi;18:55;AA335;319;YEG;D
mercredi;18:55;BC1857;319;LAS;T
mercredi;18:55;BC7628;E75;LGA;T
mercredi;18:55;BI3453;DH4;YHZ;D
mercredi;18:55;AL252;32B;KEF;I
mercredi;19:00;AA425;7M8;YYZ;D
mercredi;19:00;BC1936;76W;CMN;I
mercredi;19:00;AX484;DH4;YQT;D
mercredi;19:05;AW8985;CR9;YOW;D
mercredi;19:10;AC347;77W;CDG;I
mercredi;19:10;AW8728;DH4;YQB;D
mercredi;19:15;AU597;736;YYZ;D
mercredi;19:26;AS6228;CR7;IAD;T
mercredi;19:30;AW7977;DH4;YTZ;D
mercredi;19:30;AX483;DH4;YHZ;D
mercredi;19:35;AZ923;DH1;YVO;D
mercredi;20:00;AA427;320;YYZ;D
mercredi;20:00;BC1608;76W;FLL;T
mercredi;20:00;BC7599;E75;ORD;T
mercredi;20:00;BC7642;E75;LGA;T
mercredi;20:00;AW8032;CR2;PHL;T
mercredi;20:00;AW8464;CR9;BOS;T
mercredi;20:00;AW8496;CR9;EWR;T
mercredi;20:00;AW8826;CR2;DCA;T
mercredi;20:00;BI3434;DH4;YQB;D
mercredi;20:00;BI3539;DH4;YYZ;D
mercredi;20:01;AI672;332;AMS;I
mercredi;20:05;AW8549;CR2;YYG;D
mercredi;20:05;AW8904;DH4;YQM;D
mercredi;20:10;BC7530;E75;YYT;D
mercredi;20:30;AW7979;DH4;YTZ;D
mercredi;20:40;AW8506;DH3;YFC;D
mercredi;20:45;AA828;333;LYS;I
mercredi;20:50;AW8761;DH3;YUY;D
mercredi;20:55;AA832;788;BRU;I
mercredi;20:55;AA864;789;LHR;I
mercredi;20:55;BC7566;E75;YHZ;D
mercredi;20:55;AW8730;DH4;YQB;D
mercredi;20:55;AW8742;DH1;ZBF;D
mercredi;21:00;AA429;7M8;YYZ;D
mercredi;21:00;AA870;77W;CDG;I
mercredi;21:00;AW8989;DH4;YOW;D
mercredi;21:10;AW8792;DH3;YSJ;D
mercredi;21:10;AQ764;77W;DOH;I
mercredi;21:15;AA311;788;YVR;D
mercredi;21:30;AW8686;DH1;YBG;D
mercredi;21:40;AB254;313;AGP;I
mercredi;21:50;AA834;333;GVA;I
mercredi;21:55;AH94;788;LHR;I
mercredi;22:00;AB396;333;CDG;I
mercredi;22:00;BI3541;DH4;YYZ;D
mercredi;22:45;AE209;788;CMN;I
mercredi;22:55;AW8732;DH4;YQB;D
mercredi;23:10;AC345;772;CDG;I
mercredi;23:10;AD637;73H;MEX;I
mercredi;23:15;AG534;73H;YZV;D
jeudi;05:30;BC7561;E75;YYZ;D
jeudi;05:30;BF6278;CR7;DTW;T
jeudi;05:45;BG4087;CR9;ATL;T
jeudi;06:00;BE2438;73H;MIA;T
jeudi;06:00;AA481;320;YYZ;D
jeudi;06:00;BG3700;CR9;MSP;T
jeudi;06:00;BC1634;319;MCO;T
jeudi;06:00;BC1882;76W;CUN;I
jeudi;06:00;BC1986;321;PUJ;I
jeudi;06:00;BH4571;E75;PHL;T
jeudi;06:00;AG62;73H;FLL;T
jeudi;06:00;AG308;73H;SNU;I
jeudi;06:00;AB384;320;MBJ;I
jeudi;06:00;AB574;332;LRM;I
jeudi;06:00;AB948;73H;HAV;I
jeudi;06:00;BI3513;DH4;YYZ;D
jeudi;06:15;BJ4728;ER4;ORD;T
jeudi;06:20;BK3533;E75;DFW;T
jeudi;06:30;AA485;320;YYZ;D
jeudi;06:30;AY832;DH3;YZV;D
jeudi;06:30;BC7630;E75;LGA;T
jeudi;06:30;AW7951;DH4;YTZ;D
jeudi;06:30;BA1902;DH1;YZV;D
jeudi;06:30;BI3543;DH4;YYZ;D
jeudi;06:35;BK3351;ER4;LGA;T
jeudi;06:40;BL3669;E7W;EWR;T
jeudi;06:45;BC1600;76W;FLL;T
jeudi;06:50;AX450;DH4;YQG;D
jeudi;07:00;AA401;7M8;YYZ;D
jeudi;07:00;BG3679;CR9;LGA;T
jeudi;07:15;BG3833;CR9;JFK;T
jeudi;07:15;BI3652;DH4;BOS;T
jeudi;07:25;AA301;333;YVR;D
jeudi;07:25;BH4718;E75;CLT;T
jeudi;07:30;AA1210;320;PBI;T
jeudi;07:30;AW7953;DH4;YTZ;D
jeudi;07:30;BI3519;DH4;YYZ;D
jeudi;07:40;BC1618;319;TPA;T
jeudi;07:40;BC1650;319;MIA;T
jeudi;07:40;BC1842;76W;PVR;I
jeudi;07:40;AW8671;CR2;YOW;D
jeudi;07:45;AA1268;320;RSW;T
jeudi;07:45;AW8593;CR9;YWG;D
jeudi;07:45;AW8819;CR2;YHM;D
jeudi;07:45;BI3448;DH4;YQB;D
jeudi;07:55;AA581;E90;ORD;T
jeudi;07:55;AW8704;DH4;YQB;D
jeudi;08:00;AA403;320;YYZ;D
jeudi;08:00;AA797;320;LAX;T
jeudi;08:00;AA974;319;BGI;I
jeudi;08:00;AY802;DH3;YZG;D
jeudi;08:00;BB864;73Q;YVP;D
jeudi;08:00;BC7556;E75;YHZ;D
jeudi;08:00;AX454;DH4;YTZ;D
jeudi;08:00;AB742;332;CUN;I
jeudi;08:05;AZ921;DH1;YKU;D
jeudi;08:10;AG426;73H;PUJ;I
jeudi;08:15;AA331;320;YEG;D
jeudi;08:15;AZ927;DH1;YKU;D
jeudi;08:15;AW8500;DH3;YFC;D
jeudi;08:20;BC1726;319;PTP;I
jeudi;08:20;BC7727;E75;DFW;T
jeudi;08:20;AG243;73H;CUN;I
jeudi;08:25;AW8490;CR9;EWR;T
jeudi;08:25;AW8696;DH1;YZV;D
jeudi;08:30;AA317;320;YYC;D
jeudi;08:30;BC1890;319;PHX;T
jeudi;08:30;AW7955;DH4;YTZ;D
jeudi;08:30;AB760;73H;SAL;I
jeudi;08:35;BC7632;E75;LGA;T
jeudi;08:40;BC1855;319;LAS;T
jeudi;08:40;BC7526;E75;YYT;D
jeudi;08:45;AA761;320;SFO;T
jeudi;08:45;AW8454;CR9;BOS;T
jeudi;08:45;AW8822;CR2;YQM;D
jeudi;08:45;AG519;73H;CUN;I
jeudi;08:45;AB734;333;PUJ;I
jeudi;08:45;BI3521;DH4;YYZ;D
jeudi;08:50;AW8682;DH3;YBG;D
jeudi;08:55;BC7703;E75;IAH;T
jeudi;09:00;AA405;320;YYZ;D
jeudi;09:00;AW8706;DH3;YGR;D
jeudi;09:00;AW8755;DH1;YUY;D
jeudi;09:00;AB158;73H;ADZ;I
jeudi;09:05;AW8968;DH1;YYY;D
jeudi;09:05;AX458;DH4;YQT;D
jeudi;09:09;BL3673;E7W;EWR;T
jeudi;09:20;BC7300;BEH;BDL;T
jeudi;09:20;AW8751;DH3;YVO;D
jeudi;09:25;BI3451;DH4;YHZ;D
jeudi;09:30;AY704;73M;YPX;D
jeudi;09:30;AN2821;320;CUN;I
jeudi;09:30;AW7957;DH4;YTZ;D
jeudi;09:45;BJ4714;ER4;IAD;T
jeudi;10:00;AA407;320;YYZ;D
jeudi;10:00;AX460;DH4;YTZ;D
jeudi;10:00;BI3523;DH4;YYZ;D
jeudi;10:01;AD681;73H;MEX;I
jeudi;10:15;AT267;788;DTW;T
jeudi;10:26;BK3746;ER4;LGA;T
jeudi;10:30;BF6190;CR7;DTW;T
jeudi;10:30;AW7959;DH4;YTZ;D
jeudi;10:35;BP5415;CR7;LGA;T
jeudi;10:40;BC7634;E75;LGA;T
jeudi;10:55;BC7593;E75;ORD;T
jeudi;11:00;AA409;320;YYZ;D
jeudi;11:00;AX464;DH4;YTZ;D
jeudi;11:00;AG688;73H;VRA;I
jeudi;11:00;BI3525;DH4;YYZ;D
jeudi;11:10;BC1602;76W;FLL;T
jeudi;11:15;BJ4742;ER4;ORD;T
jeudi;11:25;AW8969;DH4;YOW;D
jeudi;11:26;BK3750;ER4;LGA;T
jeudi;11:30;AW7961;DH4;YTZ;D
jeudi;11:30;BM4900;ER4;PHL;T
jeudi;11:45;BA1932;DH1;YWK;D
jeudi;11:59;BG3845;CR2;JFK;T
jeudi;12:00;AA411;320;YYZ;D
jeudi;12:00;BI3527;DH4;YYZ;D
jeudi;12:05;AW8710;DH1;YZV;D
jeudi;12:15;AX465;DH4;YHZ;D
jeudi;12:15;BI3432;DH4;YQB;D
jeudi;12:23;BN3130;CR2;ORD;T
jeudi;12:26;BF6282;CR7;DTW;T
jeudi;12:30;AW7963;DH4;YTZ;D
jeudi;12:35;AX466;DH4;YTZ;D
jeudi;12:40;AO161;320;SCU;I
jeudi;12:40;BC7558;E75;YHZ;D
jeudi;13:00;AA413;320;YYZ;D
jeudi;13:02;BG3751;CR9;ATL;T
jeudi;13:05;AW8456;CR2;BOS;T
jeudi;13:10;AW8502;DH3;YFC;D
jeudi;13:10;AW8712;DH3;YQB;D
jeudi;13:12;BG3763;CR9;LGA;T
jeudi;13:15;AW8511;CR2;YYG;D
jeudi;13:17;BK3952;ERD;JFK;T
jeudi;13:25;AW8595;CR9;YWG;D
jeudi;13:30;BC7636;E75;LGA;T
jeudi;13:30;AW7965;DH4;YTZ;D
jeudi;13:30;AW8492;CR9;EWR;T
jeudi;13:30;AW8971;DH4;YOW;D
jeudi;13:40;AW8030;CR2;PHL;T
jeudi;13:40;AW8900;DH4;YQM;D
jeudi;13:45;AW8824;CR9;DCA;T
jeudi;13:45;AX470;DH4;YQT;D
jeudi;13:45;BH4510;E75;PHL;T
jeudi;13:55;BC7595;E75;ORD;T
jeudi;13:55;AW8740;DH1;ZBF;D
jeudi;14:00;AA415;320;YYZ;D
jeudi;14:00;AA664;319;YHZ;D
jeudi;14:00;BC1610;76W;FLL;T
jeudi;14:00;BI3529;DH4;YYZ;D
jeudi;14:05;AA305;320;YVR;D
jeudi;14:10;AA17;788;PVG;I
jeudi;14:10;AW8714;DH1;YQB;D
jeudi;14:25;AW8172;CR2;IAD;T
jeudi;14:30;AW7967;DH4;YTZ;D
jeudi;14:35;BC1758;319;POP;I
jeudi;14:35;AW8684;DH3;YBG;D
jeudi;14:40;AA1071;E90;DEN;T
jeudi;14:55;AG414;73H;POP;I
jeudi;15:00;AA417;7M8;YYZ;D
jeudi;15:00;BB868;73Q;YVP;D
jeudi;15:00;BC1884;76W;CUN;I
jeudi;15:00;AW8987;DH1;YOW;D
jeudi;15:00;AX472;DH4;YTZ;D
jeudi;15:00;AB376;333;POP;I
jeudi;15:10;AW8716;DH4;YQB;D
jeudi;15:15;AW8786;DH3;YSJ;D
jeudi;15:30;BC7638;E75;LGA;T
jeudi;15:30;AW7969;DH4;YTZ;D
jeudi;15:35;BP5107;CR9;ATL;T
jeudi;15:45;AX474;DH4;YTZ;D
jeudi;15:50;AW8460;CR2;BOS;T
jeudi;15:50;AG604;73H;CCC;I
jeudi;16:00;AA419;320;YYZ;D
jeudi;16:00;AW8757;DH1;YUY;D
jeudi;16:00;AW8821;CR2;YHM;D
jeudi;16:00;AW8902;DH4;YQM;D
jeudi;16:00;AW8964;DH1;YBC;D
jeudi;16:00;AB554;320;CYO;I
jeudi;16:00;BI3516;DH4;YQB;D
jeudi;16:00;BI3531;DH4;YYZ;D
jeudi;16:10;AF880;789;PEK;I
jeudi;16:10;BC7560;E75;YHZ;D
jeudi;16:10;AW8718;DH3;YQB;D
jeudi;16:15;BC7302;BEH;BDL;T
jeudi;16:20;AA321;320;YYC;D
jeudi;16:20;BC1746;319;VRA;I
jeudi;16:20;BC1768;319;SNU;I
jeudi;16:25;BI3610;DH4;BOS;T
jeudi;16:30;BC1606;76W;FLL;T
jeudi;16:30;AW7971;DH4;YTZ;D
jeudi;16:30;AX476;DH4;YTZ;D
jeudi;16:30;AB298;333;PVR;I
jeudi;16:40;AW8975;CR9;YOW;D
jeudi;16:45;AA307;320;YVR;D
jeudi;16:45;AW8494;CR2;EWR;T
jeudi;16:45;BA1910;DH1;YZV;D
jeudi;16:45;AB530;73H;VRA;I
jeudi;16:50;BM4899;ER4;PHL;T
jeudi;16:51;BG3771;CR9;JFK;T
jeudi;16:55;AA783;320;LAX;T
jeudi;16:55;AT268;788;AMM;I
jeudi;17:00;AA835;333;YYZ;D
jeudi;17:00;AW8722;DH4;YQB;D
jeudi;17:00;AB922;320;CMW;I
jeudi;17:00;BI3533;DH4;YYZ;D
jeudi;17:00;AU543;736;YVR;D
jeudi;17:10;AA781;320;SFO;T
jeudi;17:10;BC1652;321;MIA;T
jeudi;17:10;BC7685;E75;IAH;T
jeudi;17:15;AX480;DH4;YQG;D
jeudi;17:19;BO4194;ER4;EWR;T
jeudi;17:20;BC7597;E75;ORD;T
jeudi;17:20;BN3126;CR2;ORD;T
jeudi;17:25;AW8753;DH3;YVO;D
jeudi;17:30;BP5479;CR7;LGA;T
jeudi;17:30;BC1636;76W;MCO;T
jeudi;17:30;AW7973;DH4;YTZ;D
jeudi;17:30;AW8013;CR2;YOW;D
jeudi;17:40;AW8698;DH1;YWK;D
jeudi;17:45;BC7640;E75;LGA;T
jeudi;17:45;AU217;73W;YYC;D
jeudi;17:58;BF6245;CR7;DTW;T
jeudi;17:59;BK3587;ER4;JFK;T
jeudi;18:00;AA423;320;YYZ;D
jeudi;18:00;AW8597;CR9;YWG;D
jeudi;18:00;AW8726;DH3;YQB;D
jeudi;18:00;AW8973;DH4;YOW;D
jeudi;18:00;AX482;DH4;YQT;D
jeudi;18:00;BI3535;DH4;YYZ;D
jeudi;18:05;AW8462;CR2;BOS;T
jeudi;18:10;BJ4738;ER4;ORD;T
jeudi;18:15;BK3600;ERD;LGA;T
jeudi;18:25;AA668;E90;YYT;D
jeudi;18:25;AA874;77W;FRA;I
jeudi;18:25;BD1643;717;ATL;T
jeudi;18:30;AA309;320;YVR;D
jeudi;18:30;AW7975;DH4;YTZ;D
jeudi;18:40;AW8759;DH1;YUY;D
jeudi;18:45;AX484;DH4;YTZ;D
jeudi;18:55;AA323;320;YYC;D
jeudi;18:55;AA335;319;YEG;D
jeudi;18:55;BC1857;319;LAS;T
jeudi;18:55;BC7628;E75;LGA;T
jeudi;18:55;BI3453;DH4;YHZ;D
jeudi;19:00;AA425;320;YYZ;D
jeudi;19:05;AW8985;CR9;YOW;D
jeudi;19:10;AC347;77W;CDG;I
jeudi;19:10;AW8728;DH4;YQB;D
jeudi;19:10;AL252;321;KEF;I
jeudi;19:15;AA892;333;FCO;I
jeudi;19:15;AX483;DH4;YHZ;D
jeudi;19:15;AU597;736;YYZ;D
jeudi;19:26;AS6228;CR7;IAD;T
jeudi;19:30;AW7977;DH4;YTZ;D
jeudi;19:35;AZ923;DH1;YVO;D
jeudi;19:45;AB480;313;LIS;I
jeudi;20:00;AA427;320;YYZ;D
jeudi;20:00;BC1608;76W;FLL;T
jeudi;20:00;BC7599;E75;ORD;T
jeudi;20:00;BC7642;E75;LGA;T
jeudi;20:00;AW8032;CR2;PHL;T
jeudi;20:00;AW8464;CR9;BOS;T
jeudi;20:00;AW8496;CR9;EWR;T
jeudi;20:00;AW8826;CR2;DCA;T
jeudi;20:00;AG427;73H;YYY;D
jeudi;20:00;BI3434;DH4;YQB;D
jeudi;20:00;BI3539;DH4;YYZ;D
jeudi;20:05;AW8549;CR2;YYG;D
jeudi;20:05;AW8904;DH4;YQM;D
jeudi;20:10;BC7530;E75;YYT;D
jeudi;20:15;AX488;DH4;YTZ;D
jeudi;20:30;AK475;333;MUC;I
jeudi;20:30;AW7979;DH4;YTZ;D
jeudi;20:40;AW8506;DH3;YFC;D
jeudi;20:50;AW8761;DH3;YUY;D
jeudi;20:55;AA832;788;BRU;I
jeudi;20:55;AA864;789;LHR;I
jeudi;20:55;BC7566;E75;YHZ;D
jeudi;20:55;AW8730;DH4;YQB;D
jeudi;20:55;AW8742;DH1;ZBF;D
jeudi;21:00;AA429;7M8;YYZ;D
jeudi;21:00;AA870;77W;CDG;I
jeudi;21:00;AW8989;DH4;YOW;D
jeudi;21:10;AW8792;DH3;YSJ;D
jeudi;21:15;AA311;788;YVR;D
jeudi;21:15;AB773;73G;YVR;D
jeudi;21:30;AW8686;DH1;YBG;D
jeudi;21:50;AA834;333;GVA;I
jeudi;21:55;AH94;788;LHR;I
jeudi;22:00;AB498;333;CDG;I
jeudi;22:00;BI3541;DH4;YYZ;D
jeudi;22:30;AN2811;320;MEX;I
jeudi;22:45;AE209;788;CMN;I
jeudi;22:55;AW8732;DH4;YQB;D
jeudi;23:10;AD637;73H;MEX;I
vendredi;05:30;BC7561;E75;YYZ;D
vendredi;05:30;BF6278;CR7;DTW;T
vendredi;05:45;BG4087;CR9;ATL;T
vendredi;06:00;BE2438;73H;MIA;T
vendredi;06:00;AA481;320;YYZ;D
vendredi;06:00;BG3700;CR9;MSP;T
vendredi;06:00;BC1634;319;MCO;T
vendredi;06:00;BC1788;321;AZS;I
vendredi;06:00;BC1986;76W;PUJ;I
vendredi;06:00;BH4571;E75;PHL;T
vendredi;06:00;AG258;73H;SNU;I
vendredi;06:00;AG644;73H;HOG;I
vendredi;06:00;AG686;73H;VRA;I
vendredi;06:00;AB164;320;SNU;I
vendredi;06:00;AB216;320;AZS;I
vendredi;06:00;BI3513;DH4;YYZ;D
vendredi;06:10;AO173;320;VRA;I
vendredi;06:15;BJ4728;ER4;ORD;T
vendredi;06:30;AA485;319;YYZ;D
vendredi;06:30;BC7630;E75;LGA;T
vendredi;06:30;AW7951;DH4;YTZ;D
vendredi;06:30;AB944;73H;FLL;T
vendredi;06:30;BI3543;DH4;YYZ;D
vendredi;06:35;BK3351;ER4;LGA;T
vendredi;06:40;BC1882;76W;CUN;I
vendredi;06:40;BL3669;E7W;EWR;T
vendredi;06:45;BK3533;E75;DFW;T
vendredi;06:45;BC1600;76W;FLL;T
vendredi;06:50;AX450;DH4;YQG;D
vendredi;07:00;AA401;320;YYZ;D
vendredi;07:00;AY820;DH3;YZG;D
vendredi;07:00;BG3679;CR9;LGA;T
vendredi;07:00;AG774;73H;RIH;I
vendredi;07:15;BG3833;CR9;JFK;T
vendredi;07:15;AB102;73H;MCO;T
vendredi;07:15;BI3652;DH4;BOS;T
vendredi;07:25;AA301;333;YVR;D
vendredi;07:25;BH4718;E75;CLT;T
vendredi;07:30;AA1210;320;PBI;T
vendredi;07:30;BC1618;319;TPA;T
vendredi;07:30;AW7953;DH4;YTZ;D
vendredi;07:30;BI3519;DH4;YYZ;D
vendredi;07:40;BC1650;319;MIA;T
vendredi;07:40;BC1844;76W;SJO;I
vendredi;07:40;AW8671;CR2;YOW;D
vendredi;07:45;AA1268;319;RSW;T
vendredi;07:45;AW8593;CR9;YWG;D
vendredi;07:45;AW8819;CR2;YHM;D
vendredi;07:45;AB448;332;PUJ;I
vendredi;07:45;BI3448;DH4;YQB;D
vendredi;07:55;AA581;E90;ORD;T
vendredi;07:55;AW8704;DH4;YQB;D
vendredi;08:00;AA403;320;YYZ;D
vendredi;08:00;AA797;320;LAX;T
vendredi;08:00;BC7556;E75;YHZ;D
vendredi;08:00;AX454;DH4;YTZ;D
vendredi;08:00;AG428;73H;PUJ;I
vendredi;08:00;AB338;73H;ZIH;I
vendredi;08:00;AU1054;73W;FLL;T
vendredi;08:05;AZ921;DH1;YKQ;D
vendredi;08:15;AA331;320;YEG;D
vendredi;08:15;AZ927;DH1;YNS;D
vendredi;08:15;AW8500;DH3;YFC;D
vendredi;08:20;BC7727;E75;DFW;T
vendredi;08:20;AW8788;DH3;YSJ;D
vendredi;08:25;AW8490;CR9;EWR;T
vendredi;08:25;AW8696;DH1;YZV;D
vendredi;08:30;AA317;320;YYC;D
vendredi;08:30;AY800;DH3;YZG;D
vendredi;08:30;AW7955;DH4;YTZ;D
vendredi;08:35;BC7632;E75;LGA;T
vendredi;08:40;BC1855;319;LAS;T
vendredi;08:40;BC7526;E75;YYT;D
vendredi;08:45;AA761;320;SFO;T
vendredi;08:45;AW8454;CR9;BOS;T
vendredi;08:45;AW8822;CR2;YQM;D
vendredi;08:45;BI3521;DH4;YYZ;D
vendredi;08:50;AW8682;DH3;YBG;D
vendredi;08:55;BC1738;319;UVF;I
vendredi;08:55;BC7703;E75;IAH;T
vendredi;09:00;AA405;320;YYZ;D
vendredi;09:00;BC1892;319;CUN;I
vendredi;09:00;AW8706;DH3;YGR;D
vendredi;09:00;AW8755;DH1;YUY;D
vendredi;09:00;AB436;333;CUN;I
vendredi;09:05;AW8968;DH1;YYY;D
vendredi;09:05;AX458;DH4;YQT;D
vendredi;09:09;BL3673;E7W;EWR;T
vendredi;09:10;AS423;73H;PTY;I
vendredi;09:20;BC7300;BEH;BDL;T
vendredi;09:20;AW8751;DH3;YVO;D
vendredi;09:25;BI3451;DH4;YHZ;D
vendredi;09:30;AY704;73M;YPX;D
vendredi;09:30;AW7957;DH4;YTZ;D
vendredi;09:30;AG563;73H;CUN;I
vendredi;09:40;AA1252;320;PLS;I
vendredi;09:45;BJ4714;ER4;IAD;T
vendredi;10:00;AA407;7M8;YYZ;D
vendredi;10:00;BB866;73Q;YVP;D
vendredi;10:00;AX460;DH4;YTZ;D
vendredi;10:00;BI3523;DH4;YYZ;D
vendredi;10:01;AD681;73H;MEX;I
vendredi;10:26;BK3746;ER4;LGA;T
vendredi;10:30;BF6190;CR7;DTW;T
vendredi;10:30;AW7959;DH4;YTZ;D
vendredi;10:35;BP5415;CR7;LGA;T
vendredi;10:40;BC7634;E75;LGA;T
vendredi;10:45;AB204;313;SJO;I
vendredi;10:50;AB198;73H;CTG;I
vendredi;10:55;BC7593;E75;ORD;T
vendredi;11:00;AA409;320;YYZ;D
vendredi;11:00;BI3525;DH4;YYZ;D
vendredi;11:10;BC1602;76W;FLL;T
vendredi;11:10;AX464;DH4;YTZ;D
vendredi;11:15;BJ4742;ER4;ORD;T
vendredi;11:25;AW8969;DH4;YOW;D
vendredi;11:26;BK3750;ER4;LGA;T
vendredi;11:30;AW7961;DH4;YTZ;D
vendredi;11:30;BM4900;ER4;PHL;T
vendredi;11:45;BA1932;DH1;YWK;D
vendredi;11:59;BG3845;CR2;JFK;T
vendredi;12:00;AA411;320;YYZ;D
vendredi;12:00;AX466;DH4;YTZ;D
vendredi;12:00;BI3527;DH4;YYZ;D
vendredi;12:05;AW8710;DH1;YZV;D
vendredi;12:15;AX465;DH4;YHZ;D
vendredi;12:15;BI3432;DH4;YQB;D
vendredi;12:23;BN3130;CR2;ORD;T
vendredi;12:26;BF6282;CR7;DTW;T
vendredi;12:30;AW7963;DH4;YTZ;D
vendredi;12:40;BC7558;E75;YHZ;D
vendredi;13:00;AA413;320;YYZ;D
vendredi;13:02;BG3751;CR9;ATL;T
vendredi;13:05;AW8456;CR2;BOS;T
vendredi;13:10;AW8502;DH3;YFC;D
vendredi;13:10;AW8712;DH3;YQB;D
vendredi;13:12;BG3763;CR9;LGA;T
vendredi;13:15;AW8511;CR2;YYG;D
vendredi;13:17;BK3952;ERD;JFK;T
vendredi;13:25;AW8595;CR9;YWG;D
vendredi;13:30;BC7304;BEH;BDL;T
vendredi;13:30;BC7636;E75;LGA;T
vendredi;13:30;AW7965;DH4;YTZ;D
vendredi;13:30;AW8492;CR9;EWR;T
vendredi;13:30;AW8971;DH4;YOW;D
vendredi;13:40;AW8030;CR2;PHL;T
vendredi;13:40;AW8900;DH4;YQM;D
vendredi;13:45;AW8824;CR9;DCA;T
vendredi;13:45;BH4510;E75;PHL;T
vendredi;13:50;AX470;DH4;YQT;D
vendredi;13:55;BC7595;E75;ORD;T
vendredi;13:55;AW8740;DH1;ZBF;D
vendredi;14:00;AA415;320;YYZ;D
vendredi;14:00;AA664;319;YHZ;D
vendredi;14:00;BC1610;76W;FLL;T
vendredi;14:00;BI3529;DH4;YYZ;D
vendredi;14:05;AA305;320;YVR;D
vendredi;14:10;AA17;788;PVG;I
vendredi;14:10;AW8714;DH1;YQB;D
vendredi;14:25;AW8172;CR2;IAD;T
vendredi;14:30;AW7967;DH4;YTZ;D
vendredi;14:35;BC1772;319;LRM;I
vendredi;14:35;AW8684;DH3;YBG;D
vendredi;14:40;AA1071;E90;DEN;T
vendredi;14:50;AB494;333;CCC;I
vendredi;15:00;AA417;7M8;YYZ;D
vendredi;15:00;AW8987;DH1;YOW;D
vendredi;15:00;AX472;DH4;YTZ;D
vendredi;15:10;AW8716;DH4;YQB;D
vendredi;15:15;AW8786;DH3;YSJ;D
vendredi;15:30;BC7638;E75;LGA;T
vendredi;15:30;AW7969;DH4;YTZ;D
vendredi;15:30;AG228;73H;CYO;I
vendredi;15:35;BP5107;CR9;ATL;T
vendredi;15:40;AG734;73H;MBJ;I
vendredi;15:45;BC1762;319;HOG;I
vendredi;15:45;AX474;DH4;YTZ;D
vendredi;15:45;AG287;73H;CZM;I
vendredi;15:45;AB476;313;YYZ;D
vendredi;15:45;AB982;73H;POP;I
vendredi;15:50;AO175;320;SNU;I
vendredi;15:50;AW8460;CR2;BOS;T
vendredi;15:55;AG652;73H;VRA;I
vendredi;16:00;AA419;320;YYZ;D
vendredi;16:00;AW8757;DH1;YUY;D
vendredi;16:00;AW8821;CR2;YHM;D
vendredi;16:00;AW8902;DH4;YQM;D
vendredi;16:00;AW8964;DH1;YBC;D
vendredi;16:00;AB334;73H;PUJ;I
vendredi;16:00;BI3516;DH4;YQB;D
vendredi;16:00;BI3531;DH4;YYZ;D
vendredi;16:10;BC7560;E75;YHZ;D
vendredi;16:10;AW8718;DH3;YQB;D
vendredi;16:10;AB626;320;VRA;I
vendredi;16:15;BC7302;BEH;BDL;T
vendredi;16:20;AA321;320;YYC;D
vendredi;16:20;BC1746;319;VRA;I
vendredi;16:25;BI3610;DH4;BOS;T
vendredi;16:30;BC1606;76W;FLL;T
vendredi;16:30;AW7971;DH4;YTZ;D
vendredi;16:30;AX476;DH4;YTZ;D
vendredi;16:40;AW8975;CR9;YOW;D
vendredi;16:40;AB344;320;HOG;I
vendredi;16:45;AA307;320;YVR;D
vendredi;16:45;AW8494;CR2;EWR;T
vendredi;16:50;BM4899;ER4;PHL;T
vendredi;16:51;BG3771;CR9;JFK;T
vendredi;16:55;AA783;320;LAX;T
vendredi;17:00;AA835;333;YYZ;D
vendredi;17:00;AF879;789;HAV;I
vendredi;17:00;AW8722;DH4;YQB;D
vendredi;17:00;BI3533;DH4;YYZ;D
vendredi;17:00;AU543;73W;YVR;D
vendredi;17:10;AA781;319;SFO;T
vendredi;17:10;BC1652;321;MIA;T
vendredi;17:10;BC7685;E75;IAH;T
vendredi;17:15;AX480;DH4;YQG;D
vendredi;17:19;BO4194;ER4;EWR;T
vendredi;17:20;BC7597;E75;ORD;T
vendredi;17:20;BN3126;CR2;ORD;T
vendredi;17:25;AW8753;DH3;YVO;D
vendredi;17:30;BP5479;CR7;LGA;T
vendredi;17:30;AW7973;DH4;YTZ;D
vendredi;17:30;AW8013;CR2;YOW;D
vendredi;17:40;AW8698;DH1;YWK;D
vendredi;17:45;BC1636;76W;MCO;T
vendredi;17:45;BC7640;E75;LGA;T
vendredi;17:45;AU217;73W;YYC;D
vendredi;17:58;BF6245;CR7;DTW;T
vendredi;17:59;BK3587;ER4;JFK;T
vendredi;18:00;AA423;320;YYZ;D
vendredi;18:00;AW8597;CR9;YWG;D
vendredi;18:00;AW8726;DH3;YQB;D
vendredi;18:00;AW8973;DH4;YOW;D
vendredi;18:00;AX482;DH4;YTZ;D
vendredi;18:00;AJ87;333;ZRH;I
vendredi;18:00;BI3535;DH4;YYZ;D
vendredi;18:05;AW8462;CR2;BOS;T
vendredi;18:10;BJ4738;ER4;ORD;T
vendredi;18:15;BK3600;ERD;LGA;T
vendredi;18:25;AA668;E90;YYT;D
vendredi;18:25;AA874;77W;FRA;I
vendredi;18:25;BD1643;717;ATL;T
vendredi;18:30;AW7975;DH4;YTZ;D
vendredi;18:40;AR2701;330;ALG;I
vendredi;18:40;AW8759;DH1;YUY;D
vendredi;18:45;AX484;DH4;YQT;D
vendredi;18:55;AA323;319;YYC;D
vendredi;18:55;AA335;320;YEG;D
vendredi;18:55;BC1857;319;LAS;T
vendredi;18:55;BC7628;E75;LGA;T
vendredi;18:55;BI3453;DH4;YHZ;D
vendredi;18:55;AL252;32B;KEF;I
vendredi;19:00;AA425;320;YYZ;D
vendredi;19:00;BC1936;76W;CMN;I
vendredi;19:05;AW8985;CR9;YOW;D
vendredi;19:10;AC347;77W;CDG;I
vendredi;19:10;AW8728;DH4;YQB;D
vendredi;19:15;AX483;DH4;YHZ;D
vendredi;19:15;AU597;736;YYZ;D
vendredi;19:26;AS6228;CR7;IAD;T
vendredi;19:30;AW7977;DH4;YTZ;D
vendredi;19:35;AZ923;DH1;YVO;D
vendredi;20:00;AA427;320;YYZ;D
vendredi;20:00;BC1608;76W;FLL;T
vendredi;20:00;BC7599;E75;ORD;T
vendredi;20:00;BC7642;E75;LGA;T
vendredi;20:00;AW8032;CR2;PHL;T
vendredi;20:00;AW8464;CR9;BOS;T
vendredi;20:00;AW8496;CR9;EWR;T
vendredi;20:00;AW8826;CR2;DCA;T
vendredi;20:00;BI3434;DH4;YQB;D
vendredi;20:00;BI3539;DH4;YYZ;D
vendredi;20:01;AI672;332;AMS;I
vendredi;20:05;AW8549;CR2;YYG;D
vendredi;20:05;AW8904;DH4;YQM;D
vendredi;20:10;BC7530;E75;YYT;D
vendredi;20:15;AX488;DH4;YTZ;D
vendredi;20:30;AK475;333;MUC;I
vendredi;20:30;AW7979;DH4;YTZ;D
vendredi;20:40;AW8506;DH3;YFC;D
vendredi;20:45;AA828;333;LYS;I
vendredi;20:50;AW8761;DH3;YUY;D
vendredi;20:55;AA832;788;BRU;I
vendredi;20:55;AA864;789;LHR;I
vendredi;20:55;BC7566;E75;YHZ;D
vendredi;20:55;AW8730;DH4;YQB;D
vendredi;20:55;AW8742;DH1;ZBF;D
vendredi;21:00;AA429;320;YYZ;D
vendredi;21:00;AA870;77W;CDG;I
vendredi;21:00;AW8989;DH4;YOW;D
vendredi;21:10;AW8792;DH3;YSJ;D
vendredi;21:10;AQ764;77W;DOH;I
vendredi;21:15;AA311;788;YVR;D
vendredi;21:30;AW8686;DH1;YBG;D
vendredi;21:50;AA834;333;GVA;I
vendredi;21:55;AH94;788;LHR;I
vendredi;22:00;AB510;333;CDG;I
vendredi;22:00;BI3541;DH4;YYZ;D
vendredi;22:40;AM36;333;IST;I
vendredi;22:45;AE209;788;CMN;I
vendredi;22:55;AW8732;DH4;YQB;D
vendredi;23:10;AC345;772;CDG;I
vendredi;23:10;AD637;73H;MEX;I
samedi;05:30;BC7561;E75;YYZ;D
samedi;05:30;BF6278;CR7;DTW;T
samedi;05:45;BG4087;CR9;ATL;T
samedi;06:00;BE2438;73H;MIA;T
samedi;06:00;AA481;320;YYZ;D
samedi;06:00;BG3700;CR9;MSP;T
samedi;06:00;BC1634;319;MCO;T
samedi;06:00;BC1882;76W;CUN;I
samedi;06:00;BC1986;321;PUJ;I
samedi;06:00;BH4571;E75;PHL;T
samedi;06:00;AG306;73H;SNU;I
samedi;06:00;AG414;73H;POP;I
samedi;06:00;AG646;73H;HOG;I
samedi;06:00;AG710;73H;FPO;I
samedi;06:00;AB138;73H;SNU;I
samedi;06:00;AB486;73H;MBJ;I
samedi;06:00;AB630;73H;VRA;I
samedi;06:00;AB712;320;HOG;I
samedi;06:00;BI3513;DH4;YYZ;D
samedi;06:15;AO173;320;VRA;I
samedi;06:25;BJ4728;ER4;ORD;T
samedi;06:30;AA485;320;YYZ;D
samedi;06:30;BI3543;DH4;YYZ;D
samedi;06:40;BL3669;E7W;EWR;T
samedi;06:45;BK3533;E75;DFW;T
samedi;06:45;BC1600;76W;FLL;T
samedi;06:45;AB942;313;FLL;T
samedi;07:00;AA401;320;YYZ;D
samedi;07:00;AX452;DH4;YQT;D
samedi;07:00;AB200;73H;MCO;T
samedi;07:00;AB342;332;PVR;I
samedi;07:05;AB586;73H;SDQ;I
samedi;07:15;BG3833;CR9;JFK;T
samedi;07:15;BI3652;DH4;BOS;T
samedi;07:25;AA301;333;YVR;D
samedi;07:25;BH4718;E75;CLT;T
samedi;07:30;AA1210;320;PBI;T
samedi;07:30;AW7953;DH4;YTZ;D
samedi;07:40;BC1618;319;TPA;T
samedi;07:40;BC1650;319;MIA;T
samedi;07:40;BC1710;76W;ZIH;I
samedi;07:40;BA920;DH1;YZV;D
samedi;07:45;AA1268;320;RSW;T
samedi;07:45;AZ905;DH1;YKQ;D
samedi;07:45;AW8819;CR2;YHM;D
samedi;07:45;BI3448;DH4;YQB;D
samedi;07:55;AA581;E90;ORD;T
samedi;07:55;AW8704;DH4;YQB;D
samedi;08:00;AA403;320;YYZ;D
samedi;08:00;AA797;320;LAX;T
samedi;08:00;AA974;319;BGI;I
samedi;08:00;AY802;DH3;YZG;D
samedi;08:00;BC7556;E75;YHZ;D
samedi;08:00;AX454;DH4;YTZ;D
samedi;08:00;AG24;73H;FLL;T
samedi;08:00;AG426;73H;PUJ;I
samedi;08:00;AB672;333;CUN;I
samedi;08:00;AU1054;736;FLL;T
samedi;08:05;BK3351;ER4;LGA;T
samedi;08:15;AA331;320;YEG;D
samedi;08:15;AW8500;DH3;YFC;D
samedi;08:20;BC1726;319;PTP;I
samedi;08:25;AW8490;CR9;EWR;T
samedi;08:25;AW8696;DH1;YZV;D
samedi;08:30;AA317;320;YYC;D
samedi;08:30;BC1890;319;PHX;T
samedi;08:30;AW7955;DH4;YTZ;D
samedi;08:35;BC7632;E75;LGA;T
samedi;08:40;BC1855;319;LAS;T
samedi;08:40;BC7526;E75;YYT;D
samedi;08:45;AW8454;CR9;BOS;T
samedi;08:45;AW8822;CR2;YQM;D
samedi;08:50;AW8682;DH3;YBG;D
samedi;08:55;BC7703;E75;IAH;T
samedi;08:57;BL3673;E7W;EWR;T
samedi;09:00;AA405;320;YYZ;D
samedi;09:00;AA940;320;NAS;I
samedi;09:00;AW8706;DH3;YGR;D
samedi;09:00;AW8755;DH1;YUY;D
samedi;09:05;AW8968;DH1;YYY;D
samedi;09:20;BC7300;BEH;BDL;T
samedi;09:20;AW8751;DH3;YVO;D
samedi;09:25;BI3451;DH4;YHZ;D
samedi;09:30;AY704;73M;YPX;D
samedi;09:30;AG519;73H;CUN;I
samedi;09:40;AA1252;320;PLS;I
samedi;09:45;BJ4714;ER4;IAD;T
samedi;09:45;AX459;DH4;YHZ;D
samedi;10:00;AA407;7M8;YYZ;D
samedi;10:00;BB864;73Q;YVP;D
samedi;10:00;BI3523;DH4;YYZ;D
samedi;10:01;AD681;73H;MEX;I
samedi;10:30;AW7959;DH4;YTZ;D
samedi;10:40;BC7634;E75;LGA;T
samedi;10:40;AX462;DH4;YTZ;D
samedi;10:55;BC7593;E75;ORD;T
samedi;11:00;BI3525;DH4;YYZ;D
samedi;11:10;BC1602;76W;FLL;T
samedi;11:15;BJ4742;ER4;ORD;T
samedi;11:25;AW8969;DH4;YOW;D
samedi;11:59;BG3845;CR2;JFK;T
samedi;12:00;AA411;320;YYZ;D
samedi;12:00;AX466;DH4;YQT;D
samedi;12:00;BI3527;DH4;YYZ;D
samedi;12:05;AW8710;DH1;YZV;D
samedi;12:15;BI3432;DH4;YQB;D
samedi;12:24;BN3130;CR2;ORD;T
samedi;12:26;BF6282;CR7;DTW;T
samedi;12:30;AW7963;DH4;YTZ;D
samedi;12:40;BC7558;E75;YHZ;D
samedi;13:00;AB228;332;PUJ;I
samedi;13:00;AU1088;73W;MCO;T
samedi;13:02;BP5537;CR7;ATL;T
samedi;13:05;AW8456;CR2;BOS;T
samedi;13:10;AW8502;DH1;YFC;D
samedi;13:10;AW8712;DH3;YQB;D
samedi;13:15;AW8511;CR2;YYG;D
samedi;13:16;BK3952;ER4;JFK;T
samedi;13:25;AW8595;CR9;YWG;D
samedi;13:30;BC7636;E75;LGA;T
samedi;13:30;AW8492;CR9;EWR;T
samedi;13:30;AW8971;DH4;YOW;D
samedi;13:40;AW8030;CR2;PHL;T
samedi;13:40;AW8900;DH4;YQM;D
samedi;13:41;BP5475;CR7;LGA;T
samedi;13:45;AW8824;CR2;DCA;T
samedi;13:45;AX469;DH4;YHZ;D
samedi;13:45;BH4510;E75;PHL;T
samedi;13:55;BC7595;E75;ORD;T
samedi;13:55;AW8740;DH1;ZBF;D
samedi;14:00;AA415;320;YYZ;D
samedi;14:00;AA664;319;YHZ;D
samedi;14:00;BC1610;76W;FLL;T
samedi;14:00;BI3529;DH4;YYZ;D
samedi;14:05;AA305;320;YVR;D
samedi;14:10;AA17;788;PVG;I
samedi;14:10;AW8714;DH1;YQB;D
samedi;14:25;AW8172;CR2;IAD;T
samedi;14:30;AW7967;DH4;YTZ;D
samedi;14:35;AW8684;DH3;YBG;D
samedi;14:40;AA1071;E90;DEN;T
samedi;14:40;AX472;DH4;YTZ;D
samedi;14:40;AG122;73H;PUJ;I
samedi;14:40;AB998;313;POP;I
samedi;15:00;AW8987;DH1;YOW;D
samedi;15:05;AW8716;DH4;YQB;D
samedi;15:15;AW8786;DH3;YSJ;D
samedi;15:30;BC7638;E75;LGA;T
samedi;15:35;BP5107;CR9;ATL;T
samedi;15:45;AG606;73H;CCC;I
samedi;15:50;AW8460;CR2;BOS;T
samedi;15:55;AO163;320;CFG;I
samedi;15:55;AG792;73H;MBJ;I
samedi;15:55;AB616;73H;CUN;I
samedi;15:55;AB808;73H;CYO;I
samedi;16:00;AA419;7M8;YYZ;D
samedi;16:00;AW8821;CR2;YHM;D
samedi;16:00;AW8902;DH4;YQM;D
samedi;16:00;AB628;320;PUJ;I
samedi;16:00;BI3516;DH4;YQB;D
samedi;16:00;BI3531;DH4;YYZ;D
samedi;16:05;AB992;320;CZM;I
samedi;16:10;AF880;789;PEK;I
samedi;16:10;BC1750;319;CCC;I
samedi;16:10;BC7560;E75;YHZ;D
samedi;16:10;AW8718;DH3;YQB;D
samedi;16:15;BC7302;BEH;BDL;T
samedi;16:15;AP203;332;TUN;I
samedi;16:20;AA321;320;YYC;D
samedi;16:20;BC1746;319;VRA;I
samedi;16:20;BC1768;319;SNU;I
samedi;16:25;BI3610;DH4;BOS;T
samedi;16:30;BC1606;76W;FLL;T
samedi;16:30;AW7971;DH4;YTZ;D
samedi;16:40;AW8975;CR9;YOW;D
samedi;16:45;AA307;320;YVR;D
samedi;16:45;AW8494;CR2;EWR;T
samedi;16:45;AG688;73H;VRA;I
samedi;16:50;BM4899;ER4;PHL;T
samedi;16:51;BF6245;CR7;DTW;T
samedi;16:55;AA783;320;LAX;T
samedi;17:00;AA835;333;YYZ;D
samedi;17:00;BC1942;76W;LIM;I
samedi;17:00;AW8722;DH4;YQB;D
samedi;17:10;AA781;320;SFO;T
samedi;17:10;BC1652;321;MIA;T
samedi;17:10;BC7685;E75;IAH;T
samedi;17:19;BO4194;ER4;EWR;T
samedi;17:20;BN3126;CR2;ORD;T
samedi;17:30;BC1636;76W;MCO;T
samedi;17:30;AW8013;CR2;YOW;D
samedi;17:45;BC7640;E75;LGA;T
samedi;17:45;AX478;DH4;YTZ;D
samedi;17:59;BK3587;ER4;JFK;T
samedi;18:00;AA423;320;YYZ;D
samedi;18:00;AW8597;CR9;YWG;D
samedi;18:00;AW8726;DH3;YQB;D
samedi;18:00;AW8973;DH4;YOW;D
samedi;18:00;AJ87;333;ZRH;I
samedi;18:00;AB528;73H;CCC;I
samedi;18:00;BI3535;DH4;YYZ;D
samedi;18:05;AW8462;CR2;BOS;T
samedi;18:10;BJ4738;ER4;ORD;T
samedi;18:10;AB938;73H;MCO;T
samedi;18:25;AA668;E90;YHZ;D
samedi;18:25;AA874;77W;FRA;I
samedi;18:30;BC7597;E75;ORD;T
samedi;18:30;AW7975;DH4;YTZ;D
samedi;18:30;AV1124;AT3;FSP;I
samedi;18:40;AR2701;330;ALG;I
samedi;18:45;AA670;320;YHZ;D
samedi;18:55;AA323;319;YYC;D
samedi;18:55;BC1857;319;LAS;T
samedi;18:55;BC7628;E75;LGA;T
samedi;18:55;BI3453;DH4;YHZ;D
samedi;19:00;AA425;320;YYZ;D
samedi;19:05;AW8985;CR9;YOW;D
samedi;19:10;AC347;77W;CDG;I
samedi;19:10;AW8728;DH4;YQB;D
samedi;19:15;AA309;320;YVR;D
samedi;19:26;AS6228;CR7;IAD;T
samedi;20:00;AA427;320;YYZ;D
samedi;20:00;BC1608;76W;FLL;T
samedi;20:00;BC7642;E75;LGA;T
samedi;20:00;AW8032;CR2;PHL;T
samedi;20:00;AW8464;CR9;BOS;T
samedi;20:00;AW8496;CR2;EWR;T
samedi;20:00;AW8826;CR2;DCA;T
samedi;20:00;BI3434;DH4;YQB;D
samedi;20:00;BI3539;DH4;YYZ;D
samedi;20:01;AI672;332;AMS;I
samedi;20:05;AW8549;CR2;YYG;D
samedi;20:05;AW8904;DH4;YQM;D
samedi;20:10;BC7530;E75;YYT;D
samedi;20:40;AW8506;DH3;YFC;D
samedi;20:45;AA828;333;LYS;I
samedi;20:50;AW8761;DH1;YUY;D
samedi;20:55;AA832;788;BRU;I
samedi;20:55;AA864;789;LHR;I
samedi;20:55;BC7566;E75;YHZ;D
samedi;20:55;AW8730;DH4;YQB;D
samedi;21:00;AA870;77W;CDG;I
samedi;21:00;AW8989;DH4;YOW;D
samedi;21:10;AW8792;DH3;YSJ;D
samedi;21:15;AA311;788;YVR;D
samedi;21:50;AA834;333;GVA;I
samedi;21:55;AH94;788;LHR;I
samedi;22:00;AB610;333;CDG;I
samedi;22:45;AE209;788;CMN;I
samedi;22:55;AW8732;DH4;YQB;D
samedi;23:10;AC345;77W;CDG;I
samedi;23:10;AD637;73H;MEX;I
dimanche;05:30;BP5083;CR9;DTW;T
dimanche;05:30;BC7561;E75;YYZ;D
dimanche;05:45;BG4087;CR9;ATL;T
dimanche;06:00;BE2438;73H;MIA;T
dimanche;06:00;AA481;7M8;YYZ;D
dimanche;06:00;AO177;320;CCC;I
dimanche;06:00;BG3700;CR9;MSP;T
dimanche;06:00;BC1634;319;MCO;T
dimanche;06:00;BC1882;76W;CUN;I
dimanche;06:00;BC1986;321;PUJ;I
dimanche;06:00;BH4571;E75;PHL;T
dimanche;06:00;AG470;73H;POP;I
dimanche;06:00;AB972;320;AZS;I
dimanche;06:00;BI3513;DH4;YYZ;D
dimanche;06:12;BJ4728;ER4;ORD;T
dimanche;06:30;AA485;320;YYZ;D
dimanche;06:30;AB934;73H;FLL;T
dimanche;06:30;BI3543;DH4;YYZ;D
dimanche;06:35;BK3351;ER4;LGA;T
dimanche;06:40;BL3669;E7W;EWR;T
dimanche;06:45;BK3533;E75;DFW;T
dimanche;06:45;BC1600;76W;FLL;T
dimanche;07:00;AA401;320;YYZ;D
dimanche;07:00;BP5489;CR7;LGA;T
dimanche;07:00;AB404;73H;MBJ;I
dimanche;07:00;AB730;320;CUN;I
dimanche;07:15;BG3833;CR9;JFK;T
dimanche;07:15;AG62;73H;FLL;I
dimanche;07:15;BI3652;DH4;BOS;T
dimanche;07:25;AA301;333;YVR;D
dimanche;07:25;BH4718;E75;CLT;T
dimanche;07:30;AA1210;320;PBI;T
dimanche;07:40;BC1618;319;TPA;T
dimanche;07:40;BC1650;319;MIA;T
dimanche;07:40;BC1842;76W;PVR;I
dimanche;07:40;AW8671;CR2;YOW;D
dimanche;07:45;AA1268;320;RSW;T
dimanche;07:45;AZ907;DH1;YKQ;D
dimanche;07:45;AW8593;CR9;YWG;D
dimanche;07:45;AW8819;CR2;YHM;D
dimanche;07:45;AB398;333;PUJ;I
dimanche;07:45;AB962;73H;FDF;I
dimanche;07:45;BI3448;DH4;YQB;D
dimanche;07:45;AU2816;73H;CUN;I
dimanche;07:50;AB194;73H;TPA;T
dimanche;07:50;AB890;313;PTP;I
dimanche;07:55;AA581;E90;ORD;T
dimanche;07:55;AW8704;DH4;YQB;D
dimanche;08:00;AA403;320;YYZ;D
dimanche;08:00;AA797;320;LAX;T
dimanche;08:00;AA974;319;BGI;I
dimanche;08:00;AY802;DH3;YZG;D
dimanche;08:00;BC7556;E75;YHZ;D
dimanche;08:00;AG434;73H;PUJ;I
dimanche;08:00;AU1054;73W;FLL;T
dimanche;08:10;AN5821;320;CUN;I
dimanche;08:15;AA331;319;YEG;D
dimanche;08:15;AW8500;DH3;YFC;D
dimanche;08:20;BC7727;E75;DFW;T
dimanche;08:20;AX454;DH4;YQT;D
dimanche;08:25;AW8696;DH1;YZV;D
dimanche;08:30;AA317;320;YYC;D
dimanche;08:30;BC1728;319;FDF;I
dimanche;08:30;AW7955;DH4;YTZ;D
dimanche;08:30;AB784;332;CUN;I
dimanche;08:35;BC7632;E75;LGA;T
dimanche;08:40;BC1855;319;LAS;T
dimanche;08:40;BC7526;E75;YYT;D
dimanche;08:45;AA761;320;SFO;T
dimanche;08:45;AW8822;CR2;YQM;D
dimanche;08:45;BI3521;DH4;YYZ;D
dimanche;08:50;AW8682;DH3;YBG;D
dimanche;08:55;BC7703;E75;IAH;T
dimanche;09:00;AA405;320;YYZ;D
dimanche;09:00;BC1892;319;CUN;I
dimanche;09:00;AW8706;DH3;YGR;D
dimanche;09:00;AG734;73H;MBJ;I
dimanche;09:05;AW8968;DH1;YYY;D
dimanche;09:09;BL3673;E7W;EWR;T
dimanche;09:10;AS423;73H;PTY;I
dimanche;09:15;AG114;73H;ANU;I
dimanche;09:20;BC7300;BEH;BDL;T
dimanche;09:20;AW8751;DH1;YVO;D
dimanche;09:25;BI3451;DH4;YHZ;D
dimanche;09:30;AY704;73M;YPX;D
dimanche;09:30;AN2821;320;CUN;I
dimanche;09:30;AG537;73H;CUN;I
dimanche;09:40;AX460;DH4;YTZ;D
dimanche;09:45;BJ4714;ER4;IAD;T
dimanche;10:00;AA407;7M8;YYZ;D
dimanche;10:00;BB864;73Q;YVP;D
dimanche;10:00;AB662;313;PAP;I
dimanche;10:00;BI3523;DH4;YYZ;D
dimanche;10:01;AD681;73H;MEX;I
dimanche;10:30;AW7959;DH4;YTZ;D
dimanche;10:35;BP5415;CR7;LGA;T
dimanche;10:40;BC7634;E75;LGA;T
dimanche;10:55;BC7593;E75;ORD;T
dimanche;11:00;AA409;320;YYZ;D
dimanche;11:00;BI3525;DH4;YYZ;D
dimanche;11:10;BC1602;76W;FLL;T
dimanche;11:15;AA966;320;MBJ;I
dimanche;11:15;BJ4742;ER4;ORD;T
dimanche;11:25;AW8969;DH1;YOW;D
dimanche;11:26;BK3750;ER4;LGA;T
dimanche;11:30;AW7961;DH4;YTZ;D
dimanche;11:30;BM4900;ER4;PHL;T
dimanche;11:59;BG3845;CR2;JFK;T
dimanche;12:00;AA411;320;YYZ;D
dimanche;12:00;BI3527;DH4;YYZ;D
dimanche;12:05;AW8710;DH1;YZV;D
dimanche;12:10;AX466;DH4;YQG;D
dimanche;12:15;BI3432;DH4;YQB;D
dimanche;12:23;BN3130;CR2;ORD;T
dimanche;12:26;BF6282;CR7;DTW;T
dimanche;12:30;AW7963;DH4;YTZ;D
dimanche;12:40;BC7558;E75;YHZ;D
dimanche;13:00;AA413;320;YYZ;D
dimanche;13:02;BG3751;CR9;ATL;T
dimanche;13:05;AW8456;CR2;BOS;T
dimanche;13:10;AW8502;DH3;YFC;D
dimanche;13:10;AW8712;DH3;YQB;D
dimanche;13:10;AX470;DH4;YTZ;D
dimanche;13:12;BG3763;CR9;LGA;T
dimanche;13:15;AW8511;CR2;YYG;D
dimanche;13:17;BK3952;ERD;JFK;T
dimanche;13:20;AX469;DH4;YHZ;D
dimanche;13:25;AW8595;CR9;YWG;D
dimanche;13:30;BC7304;BEH;BDL;T
dimanche;13:30;BC7636;E75;LGA;T
dimanche;13:30;AW8492;CR9;EWR;T
dimanche;13:30;AW8971;DH4;YOW;D
dimanche;13:40;AW8030;CR2;PHL;T
dimanche;13:40;AW8900;DH4;YQM;D
dimanche;13:45;AW8824;CR9;DCA;T
dimanche;13:45;BH4510;E75;PHL;T
dimanche;13:55;BC7595;E75;ORD;T
dimanche;13:55;AW8740;DH1;ZBF;D
dimanche;14:00;AA415;320;YYZ;D
dimanche;14:00;AA664;319;YHZ;D
dimanche;14:00;BC1610;76W;FLL;T
dimanche;14:00;BI3529;DH4;YYZ;D
dimanche;14:05;AA305;320;YVR;D
dimanche;14:10;AA17;788;PVG;I
dimanche;14:10;AW8714;DH1;YQB;D
dimanche;14:15;AX472;DH4;YTZ;D
dimanche;14:25;AW8172;CR2;IAD;T
dimanche;14:30;AZ903;DH1;YMT;D
dimanche;14:30;AW7967;DH4;YTZ;D
dimanche;14:35;BC1758;319;POP;I
dimanche;14:35;AW8684;DH3;YBG;D
dimanche;14:40;AA1071;E90;DEN;T
dimanche;15:00;AA417;7M8;YYZ;D
dimanche;15:05;AW8716;DH4;YQB;D
dimanche;15:15;AW8786;DH3;YSJ;D
dimanche;15:25;AX474;DH4;YTZ;D
dimanche;15:30;BC7638;E75;LGA;T
dimanche;15:30;AW7969;DH4;YTZ;D
dimanche;15:35;BP5107;CR9;ATL;T
dimanche;15:50;AW8460;CR2;BOS;T
dimanche;15:55;AO165;320;CYO;I
dimanche;15:55;AB492;73H;VRA;I
dimanche;16:00;AA419;320;YYZ;D
dimanche;16:00;AW8757;DH1;YUY;D
dimanche;16:00;AW8821;CR2;YHM;D
dimanche;16:00;AW8902;DH4;YQM;D
dimanche;16:00;AW8964;DH1;YBC;D
dimanche;16:00;BI3516;DH4;YQB;D
dimanche;16:00;BI3531;DH4;YYZ;D
dimanche;16:10;AF880;789;PEK;I
dimanche;16:10;BC1750;319;CCC;I
dimanche;16:10;BC7560;E75;YHZ;D
dimanche;16:10;AW8718;DH3;YQB;D
dimanche;16:15;BC7302;BEH;BDL;T
dimanche;16:15;AX476;DH4;YTZ;D
dimanche;16:15;AB906;320;PUJ;I
dimanche;16:20;AA321;320;YYC;D
dimanche;16:20;BC1746;319;VRA;I
dimanche;16:25;BI3610;DH4;BOS;T
dimanche;16:30;AA435;333;YYZ;D
dimanche;16:30;BC1606;76W;FLL;T
dimanche;16:30;AW7971;DH4;YTZ;D
dimanche;16:35;AG652;73H;VRA;I
dimanche;16:40;AW8975;CR9;YOW;D
dimanche;16:45;AA307;320;YVR;D
dimanche;16:45;AW8494;CR2;EWR;T
dimanche;16:45;BA1910;DH1;YZV;D
dimanche;16:50;BM4899;ER4;PHL;T
dimanche;16:50;AB908;73H;HOG;I
dimanche;16:51;BG3771;CR9;JFK;T
dimanche;16:55;AA783;320;LAX;T
dimanche;17:00;AA835;333;YYZ;D
dimanche;17:00;AW8722;DH4;YQB;D
dimanche;17:00;BI3533;DH4;YYZ;D
dimanche;17:00;AU543;73W;YVR;D
dimanche;17:10;AA781;320;SFO;T
dimanche;17:10;BC1652;321;MIA;T
dimanche;17:10;BC7685;E75;IAH;T
dimanche;17:15;AX478;DH4;YTZ;D
dimanche;17:15;AG308;73H;SNU;I
dimanche;17:19;BO4194;ER4;EWR;T
dimanche;17:20;BC7597;E75;ORD;T
dimanche;17:20;BN3126;CR2;ORD;T
dimanche;17:25;AW8753;DH3;YVO;D
dimanche;17:30;BP5479;CR7;LGA;T
dimanche;17:30;BC1636;76W;MCO;T
dimanche;17:30;AW7973;DH4;YTZ;D
dimanche;17:30;AW8013;CR2;YOW;D
dimanche;17:40;AW8698;DH1;YWK;D
dimanche;17:45;BC7640;E75;LGA;T
dimanche;17:45;AU217;73W;YYC;D
dimanche;17:58;BF6245;CR7;DTW;T
dimanche;17:59;BK3587;ER4;JFK;T
dimanche;18:00;AA423;320;YYZ;D
dimanche;18:00;AW8597;CR9;YWG;D
dimanche;18:00;AW8726;DH3;YQB;D
dimanche;18:00;AW8973;DH4;YOW;D
dimanche;18:00;AJ87;333;ZRH;I
dimanche;18:00;BI3535;DH4;YYZ;D
dimanche;18:05;AW8462;CR2;BOS;T
dimanche;18:10;BJ4738;ER4;ORD;T
dimanche;18:10;AB472;73H;YYZ;D
dimanche;18:15;BK3600;ERD;LGA;T
dimanche;18:15;AX480;DH4;YQG;D
dimanche;18:25;AA668;E90;YYT;D
dimanche;18:25;AA874;77W;FRA;I
dimanche;18:25;BD1643;717;ATL;T
dimanche;18:30;AA309;320;YVR;D
dimanche;18:30;AW7975;DH4;YTZ;D
dimanche;18:40;AW8759;DH1;YUY;D
dimanche;18:45;AA670;320;YHZ;D
dimanche;18:55;AA323;319;YYC;D
dimanche;18:55;AA335;320;YEG;D
dimanche;18:55;BC1857;319;LAS;T
dimanche;18:55;BC7628;E75;LGA;T
dimanche;18:55;BI3453;DH4;YHZ;D
dimanche;18:55;AL252;32B;KEF;I
dimanche;19:00;AA425;321;YYZ;D
dimanche;19:00;BC1936;76W;CMN;I
dimanche;19:05;AW8985;CR9;YOW;D
dimanche;19:10;AW8728;DH4;YQB;D
dimanche;19:10;AX483;DH4;YTM;D
dimanche;19:10;AX484;DH4;YQT;D
dimanche;19:15;AA892;333;FCO;I
dimanche;19:26;AS6228;CR7;IAD;T
dimanche;19:30;AW7977;DH4;YTZ;D
dimanche;19:30;AU597;73H;YYZ;D
dimanche;20:00;AA427;320;YYZ;D
dimanche;20:00;BC1608;76W;FLL;T
dimanche;20:00;BC7599;E75;ORD;T
dimanche;20:00;BC7642;E75;LGA;T
dimanche;20:00;AW8032;CR2;PHL;T
dimanche;20:00;AW8464;CR9;BOS;T
dimanche;20:00;AW8496;CR9;EWR;T
dimanche;20:00;AW8826;CR2;DCA;T
dimanche;20:00;AX485;DH4;YHZ;D
dimanche;20:00;BI3434;DH4;YQB;D
dimanche;20:00;BI3539;DH4;YYZ;D
dimanche;20:01;AI672;332;AMS;I
dimanche;20:05;AW8549;CR2;YYG;D
dimanche;20:05;AW8904;DH4;YQM;D
dimanche;20:10;BC7530;E75;YYT;D
dimanche;20:30;AK475;333;MUC;I
dimanche;20:30;AW7979;DH4;YTZ;D
dimanche;20:35;AX488;DH4;YTZ;D
dimanche;20:40;AW8506;DH3;YFC;D
dimanche;20:50;AW8761;DH3;YUY;D
dimanche;20:55;AA832;788;BRU;I
dimanche;20:55;AA864;789;LHR;I
dimanche;20:55;BC7566;E75;YHZ;D
dimanche;20:55;AW8730;DH4;YQB;D
dimanche;20:55;AW8742;DH1;ZBF;D
dimanche;21:00;AA429;7M8;YYZ;D
dimanche;21:00;AA870;77W;CDG;I
dimanche;21:00;AW8989;DH4;YOW;D
dimanche;21:10;AW8792;DH3;YSJ;D
dimanche;21:10;AQ764;77W;DOH;I
dimanche;21:15;AA311;788;YVR;D
dimanche;21:30;AW8686;DH1;YBG;D
dimanche;21:50;AA834;333;GVA;I
dimanche;21:55;AH94;788;LHR;I
dimanche;22:00;AB710;333;CDG;I
dimanche;22:00;BI3541;DH4;YYZ;D
dimanche;22:30;AN2811;320;MEX;I
dimanche;22:40;AM36;333;IST;I
dimanche;22:45;AE209;788;CMN;I
dimanche;22:55;AW8732;DH4;YQB;D
dimanche;23:10;AC345;77W;CDG;I
dimanche;23:10;AD637;73H;MEX;I
